<?xml version="1.0" encoding="utf-8" standalone="yes"?><rss version="2.0" xmlns:atom="http://www.w3.org/2005/Atom" xmlns:content="http://purl.org/rss/1.0/modules/content/"><channel><title>跨平台 on 技术博客 - 有条工具</title><link>/blog/categories/%E8%B7%A8%E5%B9%B3%E5%8F%B0/</link><description>Recent content in 跨平台 on 技术博客 - 有条工具</description><generator>Hugo -- 0.147.7</generator><language>zh-cn</language><copyright>2024-2025 有条工具技术博客</copyright><lastBuildDate>Tue, 30 Dec 2025 16:00:00 +0800</lastBuildDate><atom:link href="/blog/categories/%E8%B7%A8%E5%B9%B3%E5%8F%B0/feed.xml" rel="self" type="application/rss+xml"/><item><title>跨平台移动开发完全指南：React Native与Flutter深度实践</title><link>/blog/articles/%E8%B7%A8%E5%B9%B3%E5%8F%B0%E7%A7%BB%E5%8A%A8%E5%BC%80%E5%8F%91%E5%AE%8C%E5%85%A8%E6%8C%87%E5%8D%97react-native%E4%B8%8Eflutter%E6%B7%B1%E5%BA%A6%E5%AE%9E%E8%B7%B5/</link><pubDate>Tue, 30 Dec 2025 16:00:00 +0800</pubDate><guid>/blog/articles/%E8%B7%A8%E5%B9%B3%E5%8F%B0%E7%A7%BB%E5%8A%A8%E5%BC%80%E5%8F%91%E5%AE%8C%E5%85%A8%E6%8C%87%E5%8D%97react-native%E4%B8%8Eflutter%E6%B7%B1%E5%BA%A6%E5%AE%9E%E8%B7%B5/</guid><description>深入探讨React Native和Flutter两大跨平台移动开发框架，涵盖架构设计、性能优化、原生模块开发、状态管理等核心主题。</description></item></channel></rss>