<?xml version="1.0" encoding="utf-8" standalone="yes"?><rss version="2.0" xmlns:atom="http://www.w3.org/2005/Atom" xmlns:content="http://purl.org/rss/1.0/modules/content/"><channel><title>TypeScript类型体操进阶：掌握高级类型系统 on 技术博客 - 有条工具</title><link>/blog/articles/typescript%E7%B1%BB%E5%9E%8B%E4%BD%93%E6%93%8D%E8%BF%9B%E9%98%B6%E6%8E%8C%E6%8F%A1%E9%AB%98%E7%BA%A7%E7%B1%BB%E5%9E%8B%E7%B3%BB%E7%BB%9F/</link><description>Recent content in TypeScript类型体操进阶：掌握高级类型系统 on 技术博客 - 有条工具</description><generator>Hugo -- 0.147.7</generator><language>zh-cn</language><copyright>2024-2025 有条工具技术博客</copyright><lastBuildDate/><atom:link href="/blog/articles/typescript%E7%B1%BB%E5%9E%8B%E4%BD%93%E6%93%8D%E8%BF%9B%E9%98%B6%E6%8E%8C%E6%8F%A1%E9%AB%98%E7%BA%A7%E7%B1%BB%E5%9E%8B%E7%B3%BB%E7%BB%9F/feed.xml" rel="self" type="application/rss+xml"/></channel></rss>