<?xml version="1.0" encoding="utf-8" standalone="yes"?><rss version="2.0" xmlns:atom="http://www.w3.org/2005/Atom" xmlns:content="http://purl.org/rss/1.0/modules/content/"><channel><title>技术债务管理2.0：从负担到战略资产的重构思维 on 技术博客 - 有条工具</title><link>/blog/articles/%E6%8A%80%E6%9C%AF%E5%80%BA%E5%8A%A1%E7%AE%A1%E7%90%862.0%E4%BB%8E%E8%B4%9F%E6%8B%85%E5%88%B0%E6%88%98%E7%95%A5%E8%B5%84%E4%BA%A7%E7%9A%84%E9%87%8D%E6%9E%84%E6%80%9D%E7%BB%B4/</link><description>Recent content in 技术债务管理2.0：从负担到战略资产的重构思维 on 技术博客 - 有条工具</description><generator>Hugo -- 0.147.7</generator><language>zh-cn</language><copyright>2024-2025 有条工具技术博客</copyright><lastBuildDate/><atom:link href="/blog/articles/%E6%8A%80%E6%9C%AF%E5%80%BA%E5%8A%A1%E7%AE%A1%E7%90%862.0%E4%BB%8E%E8%B4%9F%E6%8B%85%E5%88%B0%E6%88%98%E7%95%A5%E8%B5%84%E4%BA%A7%E7%9A%84%E9%87%8D%E6%9E%84%E6%80%9D%E7%BB%B4/feed.xml" rel="self" type="application/rss+xml"/></channel></rss>