<?xml version="1.0" encoding="utf-8" standalone="yes"?><rss version="2.0" xmlns:atom="http://www.w3.org/2005/Atom" xmlns:content="http://purl.org/rss/1.0/modules/content/"><channel><title>Web3与区块链开发完全指南：从智能合约到DApp on 技术博客 - 有条工具</title><link>/blog/articles/web3%E4%B8%8E%E5%8C%BA%E5%9D%97%E9%93%BE%E5%BC%80%E5%8F%91%E5%AE%8C%E5%85%A8%E6%8C%87%E5%8D%97%E4%BB%8E%E6%99%BA%E8%83%BD%E5%90%88%E7%BA%A6%E5%88%B0dapp/</link><description>Recent content in Web3与区块链开发完全指南：从智能合约到DApp on 技术博客 - 有条工具</description><generator>Hugo -- 0.147.7</generator><language>zh-cn</language><copyright>2024-2025 有条工具技术博客</copyright><lastBuildDate/><atom:link href="/blog/articles/web3%E4%B8%8E%E5%8C%BA%E5%9D%97%E9%93%BE%E5%BC%80%E5%8F%91%E5%AE%8C%E5%85%A8%E6%8C%87%E5%8D%97%E4%BB%8E%E6%99%BA%E8%83%BD%E5%90%88%E7%BA%A6%E5%88%B0dapp/feed.xml" rel="self" type="application/rss+xml"/></channel></rss>