<?xml version="1.0" encoding="utf-8" standalone="yes"?><rss version="2.0" xmlns:atom="http://www.w3.org/2005/Atom" xmlns:content="http://purl.org/rss/1.0/modules/content/"><channel><title>DevOps on 技术博客 - 有条工具</title><link>/blog/categories/devops/</link><description>Recent content in DevOps on 技术博客 - 有条工具</description><generator>Hugo -- 0.147.7</generator><language>zh-cn</language><copyright>2024-2025 有条工具技术博客</copyright><lastBuildDate>Tue, 30 Dec 2025 13:00:00 +0800</lastBuildDate><atom:link href="/blog/categories/devops/feed.xml" rel="self" type="application/rss+xml"/><item><title>DevOps与CI/CD完全指南：构建高效的软件交付流水线</title><link>/blog/articles/devops%E4%B8%8Eci/cd%E5%AE%8C%E5%85%A8%E6%8C%87%E5%8D%97%E6%9E%84%E5%BB%BA%E9%AB%98%E6%95%88%E7%9A%84%E8%BD%AF%E4%BB%B6%E4%BA%A4%E4%BB%98%E6%B5%81%E6%B0%B4%E7%BA%BF/</link><pubDate>Tue, 30 Dec 2025 13:00:00 +0800</pubDate><guid>/blog/articles/devops%E4%B8%8Eci/cd%E5%AE%8C%E5%85%A8%E6%8C%87%E5%8D%97%E6%9E%84%E5%BB%BA%E9%AB%98%E6%95%88%E7%9A%84%E8%BD%AF%E4%BB%B6%E4%BA%A4%E4%BB%98%E6%B5%81%E6%B0%B4%E7%BA%BF/</guid><description>深入探讨DevOps实践和CI/CD流水线设计，涵盖持续集成、持续部署、基础设施即代码、监控告警等核心主题，帮助团队构建高效的软件交付体系。</description></item><item><title>Docker与Kubernetes容器化部署：从零搭建生产级容器化系统</title><link>/blog/articles/docker%E4%B8%8Ekubernetes%E5%AE%B9%E5%99%A8%E5%8C%96%E9%83%A8%E7%BD%B2%E4%BB%8E%E9%9B%B6%E6%90%AD%E5%BB%BA%E7%94%9F%E4%BA%A7%E7%BA%A7%E5%AE%B9%E5%99%A8%E5%8C%96%E7%B3%BB%E7%BB%9F/</link><pubDate>Wed, 24 Dec 2025 15:00:00 +0800</pubDate><guid>/blog/articles/docker%E4%B8%8Ekubernetes%E5%AE%B9%E5%99%A8%E5%8C%96%E9%83%A8%E7%BD%B2%E4%BB%8E%E9%9B%B6%E6%90%AD%E5%BB%BA%E7%94%9F%E4%BA%A7%E7%BA%A7%E5%AE%B9%E5%99%A8%E5%8C%96%E7%B3%BB%E7%BB%9F/</guid><description>全面讲解Docker容器技术和Kubernetes编排系统，包括镜像构建、容器编排、服务发现、负载均衡、自动扩缩容以及CI/CD集成，帮助构建高可用的容器化部署方案。</description></item><item><title>2025年云原生部署完全指南：从容器化到Serverless的现代化部署策略</title><link>/blog/articles/2025%E5%B9%B4%E4%BA%91%E5%8E%9F%E7%94%9F%E9%83%A8%E7%BD%B2%E5%AE%8C%E5%85%A8%E6%8C%87%E5%8D%97%E4%BB%8E%E5%AE%B9%E5%99%A8%E5%8C%96%E5%88%B0serverless%E7%9A%84%E7%8E%B0%E4%BB%A3%E5%8C%96%E9%83%A8%E7%BD%B2%E7%AD%96%E7%95%A5/</link><pubDate>Mon, 22 Dec 2025 18:00:00 +0800</pubDate><guid>/blog/articles/2025%E5%B9%B4%E4%BA%91%E5%8E%9F%E7%94%9F%E9%83%A8%E7%BD%B2%E5%AE%8C%E5%85%A8%E6%8C%87%E5%8D%97%E4%BB%8E%E5%AE%B9%E5%99%A8%E5%8C%96%E5%88%B0serverless%E7%9A%84%E7%8E%B0%E4%BB%A3%E5%8C%96%E9%83%A8%E7%BD%B2%E7%AD%96%E7%95%A5/</guid><description>深入探讨2025年云原生部署的最新技术和最佳实践，包括Kubernetes、Serverless、微服务架构、DevOps流水线、可观测性和自动化运维，帮助企业构建高效、可扩展的云原生应用。</description></item><item><title>现代服务器运维完全指南：自动化监控与智能运维最佳实践</title><link>/blog/articles/%E7%8E%B0%E4%BB%A3%E6%9C%8D%E5%8A%A1%E5%99%A8%E8%BF%90%E7%BB%B4%E5%AE%8C%E5%85%A8%E6%8C%87%E5%8D%97%E8%87%AA%E5%8A%A8%E5%8C%96%E7%9B%91%E6%8E%A7%E4%B8%8E%E6%99%BA%E8%83%BD%E8%BF%90%E7%BB%B4%E6%9C%80%E4%BD%B3%E5%AE%9E%E8%B7%B5/</link><pubDate>Mon, 22 Dec 2025 14:00:00 +0800</pubDate><guid>/blog/articles/%E7%8E%B0%E4%BB%A3%E6%9C%8D%E5%8A%A1%E5%99%A8%E8%BF%90%E7%BB%B4%E5%AE%8C%E5%85%A8%E6%8C%87%E5%8D%97%E8%87%AA%E5%8A%A8%E5%8C%96%E7%9B%91%E6%8E%A7%E4%B8%8E%E6%99%BA%E8%83%BD%E8%BF%90%E7%BB%B4%E6%9C%80%E4%BD%B3%E5%AE%9E%E8%B7%B5/</guid><description>全面介绍现代服务器运维的核心技术和最佳实践，包括自动化部署、监控告警、性能优化、故障排除和安全加固，帮助运维团队构建高效、可靠的服务器管理体系。</description></item><item><title>容器部署最佳实践：从Docker到Kubernetes的完整部署指南</title><link>/blog/articles/%E5%AE%B9%E5%99%A8%E9%83%A8%E7%BD%B2%E6%9C%80%E4%BD%B3%E5%AE%9E%E8%B7%B5%E4%BB%8Edocker%E5%88%B0kubernetes%E7%9A%84%E5%AE%8C%E6%95%B4%E9%83%A8%E7%BD%B2%E6%8C%87%E5%8D%97/</link><pubDate>Mon, 22 Dec 2025 12:00:00 +0800</pubDate><guid>/blog/articles/%E5%AE%B9%E5%99%A8%E9%83%A8%E7%BD%B2%E6%9C%80%E4%BD%B3%E5%AE%9E%E8%B7%B5%E4%BB%8Edocker%E5%88%B0kubernetes%E7%9A%84%E5%AE%8C%E6%95%B4%E9%83%A8%E7%BD%B2%E6%8C%87%E5%8D%97/</guid><description>深入探讨现代容器化部署的最佳实践，包括Docker容器化、Docker Compose编排、Kubernetes集群管理、CI/CD集成和监控告警，帮助企业构建可靠的容器化应用部署流程。</description></item><item><title>Docker容器化完全指南：从入门到生产实践</title><link>/blog/articles/docker-containerization-guide/</link><pubDate>Sun, 21 Dec 2025 15:00:00 +0800</pubDate><guid>/blog/articles/docker-containerization-guide/</guid><description>本文详细介绍Docker的核心概念、常用命令、镜像构建、容器编排以及在生产环境中的最佳实践。</description></item><item><title>Docker容器化最佳实践：构建高效安全的容器应用</title><link>/blog/articles/docker-best-practices/</link><pubDate>Tue, 16 Dec 2025 00:00:00 +0000</pubDate><guid>/blog/articles/docker-best-practices/</guid><description>深入探讨Docker容器化的最佳实践，包括多阶段构建、安全配置、性能优化等关键技术，帮助开发者构建企业级容器应用。</description></item><item><title>Docker 容器化部署完全指南</title><link>/blog/articles/docker-containerization-guide/</link><pubDate>Sun, 07 Dec 2025 10:00:00 +0800</pubDate><guid>/blog/articles/docker-containerization-guide/</guid><description>全面介绍 Docker 容器化的最佳实践，从基础概念到生产部署</description></item></channel></rss>