<?xml version="1.0" encoding="utf-8" standalone="yes"?><rss version="2.0" xmlns:atom="http://www.w3.org/2005/Atom" xmlns:content="http://purl.org/rss/1.0/modules/content/"><channel><title>构建实时协作系统：从OT到CRDT的深度解析 on 技术博客 - 有条工具</title><link>/blog/articles/%E6%9E%84%E5%BB%BA%E5%AE%9E%E6%97%B6%E5%8D%8F%E4%BD%9C%E7%B3%BB%E7%BB%9F%E4%BB%8Eot%E5%88%B0crdt%E7%9A%84%E6%B7%B1%E5%BA%A6%E8%A7%A3%E6%9E%90/</link><description>Recent content in 构建实时协作系统：从OT到CRDT的深度解析 on 技术博客 - 有条工具</description><generator>Hugo -- 0.147.7</generator><language>zh-cn</language><copyright>2024-2025 有条工具技术博客</copyright><lastBuildDate/><atom:link href="/blog/articles/%E6%9E%84%E5%BB%BA%E5%AE%9E%E6%97%B6%E5%8D%8F%E4%BD%9C%E7%B3%BB%E7%BB%9F%E4%BB%8Eot%E5%88%B0crdt%E7%9A%84%E6%B7%B1%E5%BA%A6%E8%A7%A3%E6%9E%90/feed.xml" rel="self" type="application/rss+xml"/></channel></rss>