<?xml version="1.0" encoding="utf-8" standalone="yes"?><rss version="2.0" xmlns:atom="http://www.w3.org/2005/Atom" xmlns:content="http://purl.org/rss/1.0/modules/content/"><channel><title>高并发场景下的缓存架构演进：从单一 Redis 到多层缓存的实战之路 on 技术博客 - 有条工具</title><link>/blog/articles/%E9%AB%98%E5%B9%B6%E5%8F%91%E5%9C%BA%E6%99%AF%E4%B8%8B%E7%9A%84%E7%BC%93%E5%AD%98%E6%9E%B6%E6%9E%84%E6%BC%94%E8%BF%9B%E4%BB%8E%E5%8D%95%E4%B8%80-redis-%E5%88%B0%E5%A4%9A%E5%B1%82%E7%BC%93%E5%AD%98%E7%9A%84%E5%AE%9E%E6%88%98%E4%B9%8B%E8%B7%AF/</link><description>Recent content in 高并发场景下的缓存架构演进：从单一 Redis 到多层缓存的实战之路 on 技术博客 - 有条工具</description><generator>Hugo -- 0.147.7</generator><language>zh-cn</language><copyright>2024-2025 有条工具技术博客</copyright><lastBuildDate/><atom:link href="/blog/articles/%E9%AB%98%E5%B9%B6%E5%8F%91%E5%9C%BA%E6%99%AF%E4%B8%8B%E7%9A%84%E7%BC%93%E5%AD%98%E6%9E%B6%E6%9E%84%E6%BC%94%E8%BF%9B%E4%BB%8E%E5%8D%95%E4%B8%80-redis-%E5%88%B0%E5%A4%9A%E5%B1%82%E7%BC%93%E5%AD%98%E7%9A%84%E5%AE%9E%E6%88%98%E4%B9%8B%E8%B7%AF/feed.xml" rel="self" type="application/rss+xml"/></channel></rss>