<?xml version="1.0" encoding="utf-8" standalone="yes"?><rss version="2.0" xmlns:atom="http://www.w3.org/2005/Atom" xmlns:content="http://purl.org/rss/1.0/modules/content/"><channel><title>机器学习 on 技术博客 - 有条工具</title><link>/blog/categories/%E6%9C%BA%E5%99%A8%E5%AD%A6%E4%B9%A0/</link><description>Recent content in 机器学习 on 技术博客 - 有条工具</description><generator>Hugo -- 0.147.7</generator><language>zh-cn</language><copyright>2024-2025 有条工具技术博客</copyright><lastBuildDate>Tue, 30 Dec 2025 12:00:00 +0800</lastBuildDate><atom:link href="/blog/categories/%E6%9C%BA%E5%99%A8%E5%AD%A6%E4%B9%A0/feed.xml" rel="self" type="application/rss+xml"/><item><title>AI与机器学习工程化实践：从模型到生产系统的完整指南</title><link>/blog/articles/ai%E4%B8%8E%E6%9C%BA%E5%99%A8%E5%AD%A6%E4%B9%A0%E5%B7%A5%E7%A8%8B%E5%8C%96%E5%AE%9E%E8%B7%B5%E4%BB%8E%E6%A8%A1%E5%9E%8B%E5%88%B0%E7%94%9F%E4%BA%A7%E7%B3%BB%E7%BB%9F%E7%9A%84%E5%AE%8C%E6%95%B4%E6%8C%87%E5%8D%97/</link><pubDate>Tue, 30 Dec 2025 12:00:00 +0800</pubDate><guid>/blog/articles/ai%E4%B8%8E%E6%9C%BA%E5%99%A8%E5%AD%A6%E4%B9%A0%E5%B7%A5%E7%A8%8B%E5%8C%96%E5%AE%9E%E8%B7%B5%E4%BB%8E%E6%A8%A1%E5%9E%8B%E5%88%B0%E7%94%9F%E4%BA%A7%E7%B3%BB%E7%BB%9F%E7%9A%84%E5%AE%8C%E6%95%B4%E6%8C%87%E5%8D%97/</guid><description>深入探讨AI/ML系统的工程化实践，涵盖模型部署、MLOps、特征工程、模型监控、A/B测试等核心主题，帮助工程师构建可扩展的生产级AI系统。</description></item></channel></rss>