<?xml version="1.0" encoding="utf-8" standalone="yes"?><rss version="2.0" xmlns:atom="http://www.w3.org/2005/Atom" xmlns:content="http://purl.org/rss/1.0/modules/content/"><channel><title>前端技术 on 技术博客 - 有条工具</title><link>/blog/categories/%E5%89%8D%E7%AB%AF%E6%8A%80%E6%9C%AF/</link><description>Recent content in 前端技术 on 技术博客 - 有条工具</description><generator>Hugo -- 0.147.7</generator><language>zh-cn</language><copyright>2024-2025 有条工具技术博客</copyright><lastBuildDate>Sun, 04 Jan 2026 19:00:00 +0800</lastBuildDate><atom:link href="/blog/categories/%E5%89%8D%E7%AB%AF%E6%8A%80%E6%9C%AF/feed.xml" rel="self" type="application/rss+xml"/><item><title>Serverless架构与前端部署：现代化部署策略</title><link>/blog/articles/serverless%E6%9E%B6%E6%9E%84%E4%B8%8E%E5%89%8D%E7%AB%AF%E9%83%A8%E7%BD%B2%E7%8E%B0%E4%BB%A3%E5%8C%96%E9%83%A8%E7%BD%B2%E7%AD%96%E7%95%A5/</link><pubDate>Sun, 04 Jan 2026 19:00:00 +0800</pubDate><guid>/blog/articles/serverless%E6%9E%B6%E6%9E%84%E4%B8%8E%E5%89%8D%E7%AB%AF%E9%83%A8%E7%BD%B2%E7%8E%B0%E4%BB%A3%E5%8C%96%E9%83%A8%E7%BD%B2%E7%AD%96%E7%95%A5/</guid><description>深入探讨Serverless架构在前端部署中的应用，包括Vercel、Netlify、Cloudflare等平台的使用实践，以及CI/CD流程的配置</description></item><item><title>前端安全防护最佳实践：构建安全的Web应用</title><link>/blog/articles/%E5%89%8D%E7%AB%AF%E5%AE%89%E5%85%A8%E9%98%B2%E6%8A%A4%E6%9C%80%E4%BD%B3%E5%AE%9E%E8%B7%B5%E6%9E%84%E5%BB%BA%E5%AE%89%E5%85%A8%E7%9A%84web%E5%BA%94%E7%94%A8/</link><pubDate>Sun, 04 Jan 2026 18:00:00 +0800</pubDate><guid>/blog/articles/%E5%89%8D%E7%AB%AF%E5%AE%89%E5%85%A8%E9%98%B2%E6%8A%A4%E6%9C%80%E4%BD%B3%E5%AE%9E%E8%B7%B5%E6%9E%84%E5%BB%BA%E5%AE%89%E5%85%A8%E7%9A%84web%E5%BA%94%E7%94%A8/</guid><description>全面介绍前端安全防护策略，包括XSS、CSRF、CSP等安全威胁的防护措施，帮助构建更安全的Web应用</description></item><item><title>Tailwind CSS性能优化完全指南</title><link>/blog/articles/tailwind-css%E6%80%A7%E8%83%BD%E4%BC%98%E5%8C%96%E5%AE%8C%E5%85%A8%E6%8C%87%E5%8D%97/</link><pubDate>Sun, 04 Jan 2026 17:00:00 +0800</pubDate><guid>/blog/articles/tailwind-css%E6%80%A7%E8%83%BD%E4%BC%98%E5%8C%96%E5%AE%8C%E5%85%A8%E6%8C%87%E5%8D%97/</guid><description>深入探讨Tailwind CSS的各种优化技巧，包括JIT模式、Purge配置、动态类名处理等，帮助你构建高性能的CSS应用</description></item><item><title>前端监控与错误追踪实战指南</title><link>/blog/articles/%E5%89%8D%E7%AB%AF%E7%9B%91%E6%8E%A7%E4%B8%8E%E9%94%99%E8%AF%AF%E8%BF%BD%E8%B8%AA%E5%AE%9E%E6%88%98%E6%8C%87%E5%8D%97/</link><pubDate>Sun, 04 Jan 2026 16:00:00 +0800</pubDate><guid>/blog/articles/%E5%89%8D%E7%AB%AF%E7%9B%91%E6%8E%A7%E4%B8%8E%E9%94%99%E8%AF%AF%E8%BF%BD%E8%B8%AA%E5%AE%9E%E6%88%98%E6%8C%87%E5%8D%97/</guid><description>全面介绍前端监控系统的构建，包括性能监控、错误追踪、用户行为分析等技术，帮助提升应用质量和用户体验</description></item><item><title>WebCrypto API实战：前端加密与安全通信完全指南</title><link>/blog/articles/webcrypto-api%E5%AE%9E%E6%88%98%E5%89%8D%E7%AB%AF%E5%8A%A0%E5%AF%86%E4%B8%8E%E5%AE%89%E5%85%A8%E9%80%9A%E4%BF%A1%E5%AE%8C%E5%85%A8%E6%8C%87%E5%8D%97/</link><pubDate>Sun, 04 Jan 2026 15:00:00 +0800</pubDate><guid>/blog/articles/webcrypto-api%E5%AE%9E%E6%88%98%E5%89%8D%E7%AB%AF%E5%8A%A0%E5%AF%86%E4%B8%8E%E5%AE%89%E5%85%A8%E9%80%9A%E4%BF%A1%E5%AE%8C%E5%85%A8%E6%8C%87%E5%8D%97/</guid><description>深入探讨WebCrypto API的使用方法，包括对称加密、非对称加密、哈希算法、数字签名等，构建安全的前端应用</description></item><item><title>TypeScript类型体操进阶：掌握高级类型系统</title><link>/blog/articles/typescript%E7%B1%BB%E5%9E%8B%E4%BD%93%E6%93%8D%E8%BF%9B%E9%98%B6%E6%8E%8C%E6%8F%A1%E9%AB%98%E7%BA%A7%E7%B1%BB%E5%9E%8B%E7%B3%BB%E7%BB%9F/</link><pubDate>Sun, 04 Jan 2026 14:00:00 +0800</pubDate><guid>/blog/articles/typescript%E7%B1%BB%E5%9E%8B%E4%BD%93%E6%93%8D%E8%BF%9B%E9%98%B6%E6%8E%8C%E6%8F%A1%E9%AB%98%E7%BA%A7%E7%B1%BB%E5%9E%8B%E7%B3%BB%E7%BB%9F/</guid><description>深入探讨TypeScript高级类型系统，包括条件类型、映射类型、模板字面量类型等高级特性，助你写出类型安全的代码</description></item><item><title>Nuxt 4服务端渲染性能优化实战指南</title><link>/blog/articles/nuxt-4%E6%9C%8D%E5%8A%A1%E7%AB%AF%E6%B8%B2%E6%9F%93%E6%80%A7%E8%83%BD%E4%BC%98%E5%8C%96%E5%AE%9E%E6%88%98%E6%8C%87%E5%8D%97/</link><pubDate>Sun, 04 Jan 2026 13:00:00 +0800</pubDate><guid>/blog/articles/nuxt-4%E6%9C%8D%E5%8A%A1%E7%AB%AF%E6%B8%B2%E6%9F%93%E6%80%A7%E8%83%BD%E4%BC%98%E5%8C%96%E5%AE%9E%E6%88%98%E6%8C%87%E5%8D%97/</guid><description>深入探讨Nuxt 4框架的SSR性能优化策略，包括服务端缓存、流式渲染、Hydration优化等技术细节</description></item><item><title>Vue 3.5新特性深度解析：响应式系统的重大升级</title><link>/blog/articles/vue-3.5%E6%96%B0%E7%89%B9%E6%80%A7%E6%B7%B1%E5%BA%A6%E8%A7%A3%E6%9E%90%E5%93%8D%E5%BA%94%E5%BC%8F%E7%B3%BB%E7%BB%9F%E7%9A%84%E9%87%8D%E5%A4%A7%E5%8D%87%E7%BA%A7/</link><pubDate>Sun, 04 Jan 2026 12:00:00 +0800</pubDate><guid>/blog/articles/vue-3.5%E6%96%B0%E7%89%B9%E6%80%A7%E6%B7%B1%E5%BA%A6%E8%A7%A3%E6%9E%90%E5%93%8D%E5%BA%94%E5%BC%8F%E7%B3%BB%E7%BB%9F%E7%9A%84%E9%87%8D%E5%A4%A7%E5%8D%87%E7%BA%A7/</guid><description>深入解析Vue 3.5版本的核心特性，包括响应式系统优化、Props解构、defineModel改进等，以及如何在实际项目中应用这些新特性</description></item><item><title>WebAssembly在前端工程中的实践：突破JavaScript性能瓶颈</title><link>/blog/articles/webassembly%E5%9C%A8%E5%89%8D%E7%AB%AF%E5%B7%A5%E7%A8%8B%E4%B8%AD%E7%9A%84%E5%AE%9E%E8%B7%B5%E7%AA%81%E7%A0%B4javascript%E6%80%A7%E8%83%BD%E7%93%B6%E9%A2%88/</link><pubDate>Sun, 04 Jan 2026 10:00:00 +0800</pubDate><guid>/blog/articles/webassembly%E5%9C%A8%E5%89%8D%E7%AB%AF%E5%B7%A5%E7%A8%8B%E4%B8%AD%E7%9A%84%E5%AE%9E%E8%B7%B5%E7%AA%81%E7%A0%B4javascript%E6%80%A7%E8%83%BD%E7%93%B6%E9%A2%88/</guid><description>深入探讨WebAssembly在前端工程中的实际应用场景，包括图像处理、加密算法、数据计算等性能密集型任务的优化实践</description></item><item><title>WebAssembly 2025：从边缘技术到主流平台的跨越</title><link>/blog/articles/webassembly-2025%E4%BB%8E%E8%BE%B9%E7%BC%98%E6%8A%80%E6%9C%AF%E5%88%B0%E4%B8%BB%E6%B5%81%E5%B9%B3%E5%8F%B0%E7%9A%84%E8%B7%A8%E8%B6%8A/</link><pubDate>Wed, 31 Dec 2025 10:00:00 +0800</pubDate><guid>/blog/articles/webassembly-2025%E4%BB%8E%E8%BE%B9%E7%BC%98%E6%8A%80%E6%9C%AF%E5%88%B0%E4%B8%BB%E6%B5%81%E5%B9%B3%E5%8F%B0%E7%9A%84%E8%B7%A8%E8%B6%8A/</guid><description>深入分析WebAssembly在2025年的技术突破，包括GC提案落地、组件模型成熟、浏览器外应用生态，以及2026年发展预测。</description></item></channel></rss>