<?xml version="1.0" encoding="utf-8" standalone="yes"?><rss version="2.0" xmlns:atom="http://www.w3.org/2005/Atom" xmlns:content="http://purl.org/rss/1.0/modules/content/"><channel><title>ASO优化 on 技术博客 - 有条工具</title><link>/blog/categories/aso%E4%BC%98%E5%8C%96/</link><description>Recent content in ASO优化 on 技术博客 - 有条工具</description><generator>Hugo -- 0.147.7</generator><language>zh-cn</language><copyright>2024-2025 有条工具技术博客</copyright><lastBuildDate>Tue, 23 Dec 2025 16:00:00 +0800</lastBuildDate><atom:link href="/blog/categories/aso%E4%BC%98%E5%8C%96/feed.xml" rel="self" type="application/rss+xml"/><item><title>移动应用营销与ASO实战：从0到100万用户的增长路径</title><link>/blog/articles/%E7%A7%BB%E5%8A%A8%E5%BA%94%E7%94%A8%E8%90%A5%E9%94%80%E4%B8%8Easo%E5%AE%9E%E6%88%98%E4%BB%8E0%E5%88%B0100%E4%B8%87%E7%94%A8%E6%88%B7%E7%9A%84%E5%A2%9E%E9%95%BF%E8%B7%AF%E5%BE%84/</link><pubDate>Tue, 23 Dec 2025 16:00:00 +0800</pubDate><guid>/blog/articles/%E7%A7%BB%E5%8A%A8%E5%BA%94%E7%94%A8%E8%90%A5%E9%94%80%E4%B8%8Easo%E5%AE%9E%E6%88%98%E4%BB%8E0%E5%88%B0100%E4%B8%87%E7%94%A8%E6%88%B7%E7%9A%84%E5%A2%9E%E9%95%BF%E8%B7%AF%E5%BE%84/</guid><description>全面解析移动应用营销策略，从ASO优化、应用商店广告、 influencer营销到裂变增长，分享打造爆款应用的实战经验和方法论。</description></item></channel></rss>