<?xml version="1.0" encoding="utf-8" standalone="yes"?><rss version="2.0" xmlns:atom="http://www.w3.org/2005/Atom" xmlns:content="http://purl.org/rss/1.0/modules/content/"><channel><title>内容营销 on 技术博客 - 有条工具</title><link>/blog/categories/%E5%86%85%E5%AE%B9%E8%90%A5%E9%94%80/</link><description>Recent content in 内容营销 on 技术博客 - 有条工具</description><generator>Hugo -- 0.147.7</generator><language>zh-cn</language><copyright>2024-2025 有条工具技术博客</copyright><lastBuildDate>Tue, 23 Dec 2025 17:00:00 +0800</lastBuildDate><atom:link href="/blog/categories/%E5%86%85%E5%AE%B9%E8%90%A5%E9%94%80/feed.xml" rel="self" type="application/rss+xml"/><item><title>社交媒体营销完全指南：打造病毒式传播的品牌内容</title><link>/blog/articles/%E7%A4%BE%E4%BA%A4%E5%AA%92%E4%BD%93%E8%90%A5%E9%94%80%E5%AE%8C%E5%85%A8%E6%8C%87%E5%8D%97%E6%89%93%E9%80%A0%E7%97%85%E6%AF%92%E5%BC%8F%E4%BC%A0%E6%92%AD%E7%9A%84%E5%93%81%E7%89%8C%E5%86%85%E5%AE%B9/</link><pubDate>Tue, 23 Dec 2025 17:00:00 +0800</pubDate><guid>/blog/articles/%E7%A4%BE%E4%BA%A4%E5%AA%92%E4%BD%93%E8%90%A5%E9%94%80%E5%AE%8C%E5%85%A8%E6%8C%87%E5%8D%97%E6%89%93%E9%80%A0%E7%97%85%E6%AF%92%E5%BC%8F%E4%BC%A0%E6%92%AD%E7%9A%84%E5%93%81%E7%89%8C%E5%86%85%E5%AE%B9/</guid><description>深入解析社交媒体营销策略，从内容创作、平台特性、KOL合作到数据驱动优化，帮助品牌在社交媒体上实现病毒式传播和用户增长。</description></item><item><title>内容营销与SEO完美结合：打造流量与转化的双重引擎</title><link>/blog/articles/%E5%86%85%E5%AE%B9%E8%90%A5%E9%94%80%E4%B8%8Eseo%E5%AE%8C%E7%BE%8E%E7%BB%93%E5%90%88%E6%89%93%E9%80%A0%E6%B5%81%E9%87%8F%E4%B8%8E%E8%BD%AC%E5%8C%96%E7%9A%84%E5%8F%8C%E9%87%8D%E5%BC%95%E6%93%8E/</link><pubDate>Tue, 23 Dec 2025 14:00:00 +0800</pubDate><guid>/blog/articles/%E5%86%85%E5%AE%B9%E8%90%A5%E9%94%80%E4%B8%8Eseo%E5%AE%8C%E7%BE%8E%E7%BB%93%E5%90%88%E6%89%93%E9%80%A0%E6%B5%81%E9%87%8F%E4%B8%8E%E8%BD%AC%E5%8C%96%E7%9A%84%E5%8F%8C%E9%87%8D%E5%BC%95%E6%93%8E/</guid><description>深入探讨如何将内容营销与SEO策略完美结合，从关键词研究、内容策划、写作技巧到分发推广，帮你建立高效的内容营销体系，实现流量增长和转化提升。</description></item></channel></rss>