<?xml version="1.0" encoding="utf-8" standalone="yes"?><rss version="2.0" xmlns:atom="http://www.w3.org/2005/Atom" xmlns:content="http://purl.org/rss/1.0/modules/content/"><channel><title>网页设计 on 技术博客 - 有条工具</title><link>/blog/categories/%E7%BD%91%E9%A1%B5%E8%AE%BE%E8%AE%A1/</link><description>Recent content in 网页设计 on 技术博客 - 有条工具</description><generator>Hugo -- 0.147.7</generator><language>zh-cn</language><copyright>2024-2025 有条工具技术博客</copyright><lastBuildDate>Mon, 22 Dec 2025 17:00:00 +0800</lastBuildDate><atom:link href="/blog/categories/%E7%BD%91%E9%A1%B5%E8%AE%BE%E8%AE%A1/feed.xml" rel="self" type="application/rss+xml"/><item><title>2025年响应式Web设计完全指南：从移动优先到自适应布局的最佳实践</title><link>/blog/articles/2025%E5%B9%B4%E5%93%8D%E5%BA%94%E5%BC%8Fweb%E8%AE%BE%E8%AE%A1%E5%AE%8C%E5%85%A8%E6%8C%87%E5%8D%97%E4%BB%8E%E7%A7%BB%E5%8A%A8%E4%BC%98%E5%85%88%E5%88%B0%E8%87%AA%E9%80%82%E5%BA%94%E5%B8%83%E5%B1%80%E7%9A%84%E6%9C%80%E4%BD%B3%E5%AE%9E%E8%B7%B5/</link><pubDate>Mon, 22 Dec 2025 17:00:00 +0800</pubDate><guid>/blog/articles/2025%E5%B9%B4%E5%93%8D%E5%BA%94%E5%BC%8Fweb%E8%AE%BE%E8%AE%A1%E5%AE%8C%E5%85%A8%E6%8C%87%E5%8D%97%E4%BB%8E%E7%A7%BB%E5%8A%A8%E4%BC%98%E5%85%88%E5%88%B0%E8%87%AA%E9%80%82%E5%BA%94%E5%B8%83%E5%B1%80%E7%9A%84%E6%9C%80%E4%BD%B3%E5%AE%9E%E8%B7%B5/</guid><description>全面介绍2025年响应式Web设计的最新技术和最佳实践，包括CSS Grid、Flexbox、Container Queries、现代媒体查询和跨设备适配策略，帮助设计师和开发者创建完美的多设备体验。</description></item><item><title>2025年现代网页设计原则：打造极致用户体验的完整指南</title><link>/blog/articles/2025%E5%B9%B4%E7%8E%B0%E4%BB%A3%E7%BD%91%E9%A1%B5%E8%AE%BE%E8%AE%A1%E5%8E%9F%E5%88%99%E6%89%93%E9%80%A0%E6%9E%81%E8%87%B4%E7%94%A8%E6%88%B7%E4%BD%93%E9%AA%8C%E7%9A%84%E5%AE%8C%E6%95%B4%E6%8C%87%E5%8D%97/</link><pubDate>Mon, 22 Dec 2025 10:00:00 +0800</pubDate><guid>/blog/articles/2025%E5%B9%B4%E7%8E%B0%E4%BB%A3%E7%BD%91%E9%A1%B5%E8%AE%BE%E8%AE%A1%E5%8E%9F%E5%88%99%E6%89%93%E9%80%A0%E6%9E%81%E8%87%B4%E7%94%A8%E6%88%B7%E4%BD%93%E9%AA%8C%E7%9A%84%E5%AE%8C%E6%95%B4%E6%8C%87%E5%8D%97/</guid><description>探讨2025年网页设计的最新趋势和核心原则，包括用户体验设计、视觉设计、交互设计、可访问性等关键要素，帮助设计师和开发者创建出色的网站。</description></item></channel></rss>