<?xml version="1.0" encoding="utf-8" standalone="yes"?><rss version="2.0" xmlns:atom="http://www.w3.org/2005/Atom" xmlns:content="http://purl.org/rss/1.0/modules/content/"><channel><title>数字广告投放完全指南：从0到1打造高效广告投放体系 on 技术博客 - 有条工具</title><link>/blog/articles/%E6%95%B0%E5%AD%97%E5%B9%BF%E5%91%8A%E6%8A%95%E6%94%BE%E5%AE%8C%E5%85%A8%E6%8C%87%E5%8D%97%E4%BB%8E0%E5%88%B01%E6%89%93%E9%80%A0%E9%AB%98%E6%95%88%E5%B9%BF%E5%91%8A%E6%8A%95%E6%94%BE%E4%BD%93%E7%B3%BB/</link><description>Recent content in 数字广告投放完全指南：从0到1打造高效广告投放体系 on 技术博客 - 有条工具</description><generator>Hugo -- 0.147.7</generator><language>zh-cn</language><copyright>2024-2025 有条工具技术博客</copyright><lastBuildDate/><atom:link href="/blog/articles/%E6%95%B0%E5%AD%97%E5%B9%BF%E5%91%8A%E6%8A%95%E6%94%BE%E5%AE%8C%E5%85%A8%E6%8C%87%E5%8D%97%E4%BB%8E0%E5%88%B01%E6%89%93%E9%80%A0%E9%AB%98%E6%95%88%E5%B9%BF%E5%91%8A%E6%8A%95%E6%94%BE%E4%BD%93%E7%B3%BB/feed.xml" rel="self" type="application/rss+xml"/></channel></rss>