<?xml version="1.0" encoding="utf-8" standalone="yes"?><rss version="2.0" xmlns:atom="http://www.w3.org/2005/Atom" xmlns:content="http://purl.org/rss/1.0/modules/content/"><channel><title>AI开发 on 技术博客 - 有条工具</title><link>/blog/categories/ai%E5%BC%80%E5%8F%91/</link><description>Recent content in AI开发 on 技术博客 - 有条工具</description><generator>Hugo -- 0.147.7</generator><language>zh-cn</language><copyright>2024-2025 有条工具技术博客</copyright><lastBuildDate>Wed, 31 Dec 2025 09:00:00 +0800</lastBuildDate><atom:link href="/blog/categories/ai%E5%BC%80%E5%8F%91/feed.xml" rel="self" type="application/rss+xml"/><item><title>LLM驱动的软件工程2.0：从编码到架构的全面变革</title><link>/blog/articles/llm%E9%A9%B1%E5%8A%A8%E7%9A%84%E8%BD%AF%E4%BB%B6%E5%B7%A5%E7%A8%8B2.0%E4%BB%8E%E7%BC%96%E7%A0%81%E5%88%B0%E6%9E%B6%E6%9E%84%E7%9A%84%E5%85%A8%E9%9D%A2%E5%8F%98%E9%9D%A9/</link><pubDate>Wed, 31 Dec 2025 09:00:00 +0800</pubDate><guid>/blog/articles/llm%E9%A9%B1%E5%8A%A8%E7%9A%84%E8%BD%AF%E4%BB%B6%E5%B7%A5%E7%A8%8B2.0%E4%BB%8E%E7%BC%96%E7%A0%81%E5%88%B0%E6%9E%B6%E6%9E%84%E7%9A%84%E5%85%A8%E9%9D%A2%E5%8F%98%E9%9D%A9/</guid><description>深入探讨大语言模型时代软件工程方法论的演进，从AI辅助编程到人机协作开发模式，分析开发角色转变和核心技能重构。</description></item><item><title>AI与机器学习工程化实践：从模型到生产系统的完整指南</title><link>/blog/articles/ai%E4%B8%8E%E6%9C%BA%E5%99%A8%E5%AD%A6%E4%B9%A0%E5%B7%A5%E7%A8%8B%E5%8C%96%E5%AE%9E%E8%B7%B5%E4%BB%8E%E6%A8%A1%E5%9E%8B%E5%88%B0%E7%94%9F%E4%BA%A7%E7%B3%BB%E7%BB%9F%E7%9A%84%E5%AE%8C%E6%95%B4%E6%8C%87%E5%8D%97/</link><pubDate>Tue, 30 Dec 2025 12:00:00 +0800</pubDate><guid>/blog/articles/ai%E4%B8%8E%E6%9C%BA%E5%99%A8%E5%AD%A6%E4%B9%A0%E5%B7%A5%E7%A8%8B%E5%8C%96%E5%AE%9E%E8%B7%B5%E4%BB%8E%E6%A8%A1%E5%9E%8B%E5%88%B0%E7%94%9F%E4%BA%A7%E7%B3%BB%E7%BB%9F%E7%9A%84%E5%AE%8C%E6%95%B4%E6%8C%87%E5%8D%97/</guid><description>深入探讨AI/ML系统的工程化实践，涵盖模型部署、MLOps、特征工程、模型监控、A/B测试等核心主题，帮助工程师构建可扩展的生产级AI系统。</description></item><item><title>AI Agent架构设计模式：从单一智能到群体协作</title><link>/blog/articles/ai-agent%E6%9E%B6%E6%9E%84%E8%AE%BE%E8%AE%A1%E6%A8%A1%E5%BC%8F%E4%BB%8E%E5%8D%95%E4%B8%80%E6%99%BA%E8%83%BD%E5%88%B0%E7%BE%A4%E4%BD%93%E5%8D%8F%E4%BD%9C/</link><pubDate>Tue, 30 Dec 2025 08:00:00 +0800</pubDate><guid>/blog/articles/ai-agent%E6%9E%B6%E6%9E%84%E8%AE%BE%E8%AE%A1%E6%A8%A1%E5%BC%8F%E4%BB%8E%E5%8D%95%E4%B8%80%E6%99%BA%E8%83%BD%E5%88%B0%E7%BE%A4%E4%BD%93%E5%8D%8F%E4%BD%9C/</guid><description>深入探讨AI Agent的架构设计模式，涵盖ReAct、CoT、多智能体协作等核心模式，帮助开发者构建更强大的AI应用系统。</description></item><item><title>Prompt工程完全指南：掌握与大语言模型沟通的艺术</title><link>/blog/articles/prompt%E5%B7%A5%E7%A8%8B%E5%AE%8C%E5%85%A8%E6%8C%87%E5%8D%97%E6%8E%8C%E6%8F%A1%E4%B8%8E%E5%A4%A7%E8%AF%AD%E8%A8%80%E6%A8%A1%E5%9E%8B%E6%B2%9F%E9%80%9A%E7%9A%84%E8%89%BA%E6%9C%AF/</link><pubDate>Thu, 25 Dec 2025 23:45:00 +0800</pubDate><guid>/blog/articles/prompt%E5%B7%A5%E7%A8%8B%E5%AE%8C%E5%85%A8%E6%8C%87%E5%8D%97%E6%8E%8C%E6%8F%A1%E4%B8%8E%E5%A4%A7%E8%AF%AD%E8%A8%80%E6%A8%A1%E5%9E%8B%E6%B2%9F%E9%80%9A%E7%9A%84%E8%89%BA%E6%9C%AF/</guid><description>系统性地介绍Prompt工程的核心原理、设计模式、高级技巧和最佳实践，帮助你更好地驾驭LLM的能力。</description></item><item><title>AI辅助编程工具深度解析：Claude Code、Cursor、GitHub Copilot全对比</title><link>/blog/articles/ai%E8%BE%85%E5%8A%A9%E7%BC%96%E7%A8%8B%E5%B7%A5%E5%85%B7%E6%B7%B1%E5%BA%A6%E8%A7%A3%E6%9E%90claude-codecursorgithub-copilot%E5%85%A8%E5%AF%B9%E6%AF%94/</link><pubDate>Thu, 25 Dec 2025 23:30:00 +0800</pubDate><guid>/blog/articles/ai%E8%BE%85%E5%8A%A9%E7%BC%96%E7%A8%8B%E5%B7%A5%E5%85%B7%E6%B7%B1%E5%BA%A6%E8%A7%A3%E6%9E%90claude-codecursorgithub-copilot%E5%85%A8%E5%AF%B9%E6%AF%94/</guid><description>全面对比主流AI编程工具的功能特点、使用场景和最佳实践，帮助开发者选择最适合自己的AI编程助手。</description></item><item><title>RAG系统构建完全指南：打造企业级知识问答系统</title><link>/blog/articles/rag%E7%B3%BB%E7%BB%9F%E6%9E%84%E5%BB%BA%E5%AE%8C%E5%85%A8%E6%8C%87%E5%8D%97%E6%89%93%E9%80%A0%E4%BC%81%E4%B8%9A%E7%BA%A7%E7%9F%A5%E8%AF%86%E9%97%AE%E7%AD%94%E7%B3%BB%E7%BB%9F/</link><pubDate>Thu, 25 Dec 2025 23:00:00 +0800</pubDate><guid>/blog/articles/rag%E7%B3%BB%E7%BB%9F%E6%9E%84%E5%BB%BA%E5%AE%8C%E5%85%A8%E6%8C%87%E5%8D%97%E6%89%93%E9%80%A0%E4%BC%81%E4%B8%9A%E7%BA%A7%E7%9F%A5%E8%AF%86%E9%97%AE%E7%AD%94%E7%B3%BB%E7%BB%9F/</guid><description>深入解析检索增强生成（RAG）系统的架构设计、向量数据库、嵌入模型和评估方法，帮助你构建准确可靠的企业知识问答系统。</description></item><item><title>LLM应用开发实战：从原型到生产部署的完整指南</title><link>/blog/articles/llm%E5%BA%94%E7%94%A8%E5%BC%80%E5%8F%91%E5%AE%9E%E6%88%98%E4%BB%8E%E5%8E%9F%E5%9E%8B%E5%88%B0%E7%94%9F%E4%BA%A7%E9%83%A8%E7%BD%B2%E7%9A%84%E5%AE%8C%E6%95%B4%E6%8C%87%E5%8D%97/</link><pubDate>Thu, 25 Dec 2025 22:00:00 +0800</pubDate><guid>/blog/articles/llm%E5%BA%94%E7%94%A8%E5%BC%80%E5%8F%91%E5%AE%9E%E6%88%98%E4%BB%8E%E5%8E%9F%E5%9E%8B%E5%88%B0%E7%94%9F%E4%BA%A7%E9%83%A8%E7%BD%B2%E7%9A%84%E5%AE%8C%E6%95%B4%E6%8C%87%E5%8D%97/</guid><description>深入探讨大语言模型应用开发的全流程，包括模型选择、提示工程、API设计、性能优化和生产部署等实战技巧。</description></item><item><title>多智能体协作系统：构建团队协作式AI应用</title><link>/blog/articles/%E5%A4%9A%E6%99%BA%E8%83%BD%E4%BD%93%E5%8D%8F%E4%BD%9C%E7%B3%BB%E7%BB%9F%E6%9E%84%E5%BB%BA%E5%9B%A2%E9%98%9F%E5%8D%8F%E4%BD%9C%E5%BC%8Fai%E5%BA%94%E7%94%A8/</link><pubDate>Thu, 25 Dec 2025 16:00:00 +0800</pubDate><guid>/blog/articles/%E5%A4%9A%E6%99%BA%E8%83%BD%E4%BD%93%E5%8D%8F%E4%BD%9C%E7%B3%BB%E7%BB%9F%E6%9E%84%E5%BB%BA%E5%9B%A2%E9%98%9F%E5%8D%8F%E4%BD%9C%E5%BC%8Fai%E5%BA%94%E7%94%A8/</guid><description>深入探讨多Agent协作系统的设计架构、通信机制和协调策略，让多个AI智能体像人类团队一样高效协作完成复杂任务。</description></item><item><title>AI Agent设计模式：构建智能系统的核心方法论</title><link>/blog/articles/ai-agent%E8%AE%BE%E8%AE%A1%E6%A8%A1%E5%BC%8F%E6%9E%84%E5%BB%BA%E6%99%BA%E8%83%BD%E7%B3%BB%E7%BB%9F%E7%9A%84%E6%A0%B8%E5%BF%83%E6%96%B9%E6%B3%95%E8%AE%BA/</link><pubDate>Thu, 25 Dec 2025 12:00:00 +0800</pubDate><guid>/blog/articles/ai-agent%E8%AE%BE%E8%AE%A1%E6%A8%A1%E5%BC%8F%E6%9E%84%E5%BB%BA%E6%99%BA%E8%83%BD%E7%B3%BB%E7%BB%9F%E7%9A%84%E6%A0%B8%E5%BF%83%E6%96%B9%E6%B3%95%E8%AE%BA/</guid><description>深入解析AI Agent的设计模式和实现方法，包括ReAct模式、工具使用、记忆系统、规划与推理，以及如何构建可靠的Agent应用。</description></item><item><title>Vibe Coding：下一代编程范式的崛起与实践</title><link>/blog/articles/vibe-coding%E4%B8%8B%E4%B8%80%E4%BB%A3%E7%BC%96%E7%A8%8B%E8%8C%83%E5%BC%8F%E7%9A%84%E5%B4%9B%E8%B5%B7%E4%B8%8E%E5%AE%9E%E8%B7%B5/</link><pubDate>Thu, 25 Dec 2025 10:00:00 +0800</pubDate><guid>/blog/articles/vibe-coding%E4%B8%8B%E4%B8%80%E4%BB%A3%E7%BC%96%E7%A8%8B%E8%8C%83%E5%BC%8F%E7%9A%84%E5%B4%9B%E8%B5%B7%E4%B8%8E%E5%AE%9E%E8%B7%B5/</guid><description>探索Vibe Coding这一新兴编程范式，如何通过直觉驱动、AI辅助和流畅体验重新定义开发方式，让编程回归创造的本质。</description></item><item><title>AI编程助手最佳实践指南：提升开发效率的实战技巧</title><link>/blog/articles/ai%E7%BC%96%E7%A8%8B%E5%8A%A9%E6%89%8B%E6%9C%80%E4%BD%B3%E5%AE%9E%E8%B7%B5%E6%8C%87%E5%8D%97%E6%8F%90%E5%8D%87%E5%BC%80%E5%8F%91%E6%95%88%E7%8E%87%E7%9A%84%E5%AE%9E%E6%88%98%E6%8A%80%E5%B7%A7/</link><pubDate>Wed, 24 Dec 2025 11:00:00 +0800</pubDate><guid>/blog/articles/ai%E7%BC%96%E7%A8%8B%E5%8A%A9%E6%89%8B%E6%9C%80%E4%BD%B3%E5%AE%9E%E8%B7%B5%E6%8C%87%E5%8D%97%E6%8F%90%E5%8D%87%E5%BC%80%E5%8F%91%E6%95%88%E7%8E%87%E7%9A%84%E5%AE%9E%E6%88%98%E6%8A%80%E5%B7%A7/</guid><description>深入探讨如何有效使用AI编程助手（如Claude、GitHub Copilot、ChatGPT等），包括最佳实践、提示工程技巧、代码审查方法以及安全注意事项，帮助开发者最大化AI辅助编程的价值。</description></item></channel></rss>