<?xml version="1.0" encoding="utf-8" standalone="yes"?><rss version="2.0" xmlns:atom="http://www.w3.org/2005/Atom" xmlns:content="http://purl.org/rss/1.0/modules/content/"><channel><title>Tailwind CSS性能优化完全指南 on 技术博客 - 有条工具</title><link>/blog/articles/tailwind-css%E6%80%A7%E8%83%BD%E4%BC%98%E5%8C%96%E5%AE%8C%E5%85%A8%E6%8C%87%E5%8D%97/</link><description>Recent content in Tailwind CSS性能优化完全指南 on 技术博客 - 有条工具</description><generator>Hugo -- 0.147.7</generator><language>zh-cn</language><copyright>2024-2025 有条工具技术博客</copyright><lastBuildDate/><atom:link href="/blog/articles/tailwind-css%E6%80%A7%E8%83%BD%E4%BC%98%E5%8C%96%E5%AE%8C%E5%85%A8%E6%8C%87%E5%8D%97/feed.xml" rel="self" type="application/rss+xml"/></channel></rss>