<?xml version="1.0" encoding="utf-8" standalone="yes"?><rss version="2.0" xmlns:atom="http://www.w3.org/2005/Atom" xmlns:content="http://purl.org/rss/1.0/modules/content/"><channel><title>容器化应用的可观测性架构设计：Metrics、Tracing、Logging 的完整实践 on 技术博客 - 有条工具</title><link>/blog/articles/%E5%AE%B9%E5%99%A8%E5%8C%96%E5%BA%94%E7%94%A8%E7%9A%84%E5%8F%AF%E8%A7%82%E6%B5%8B%E6%80%A7%E6%9E%B6%E6%9E%84%E8%AE%BE%E8%AE%A1metricstracinglogging-%E7%9A%84%E5%AE%8C%E6%95%B4%E5%AE%9E%E8%B7%B5/</link><description>Recent content in 容器化应用的可观测性架构设计：Metrics、Tracing、Logging 的完整实践 on 技术博客 - 有条工具</description><generator>Hugo -- 0.147.7</generator><language>zh-cn</language><copyright>2024-2025 有条工具技术博客</copyright><lastBuildDate/><atom:link href="/blog/articles/%E5%AE%B9%E5%99%A8%E5%8C%96%E5%BA%94%E7%94%A8%E7%9A%84%E5%8F%AF%E8%A7%82%E6%B5%8B%E6%80%A7%E6%9E%B6%E6%9E%84%E8%AE%BE%E8%AE%A1metricstracinglogging-%E7%9A%84%E5%AE%8C%E6%95%B4%E5%AE%9E%E8%B7%B5/feed.xml" rel="self" type="application/rss+xml"/></channel></rss>