<?xml version="1.0" encoding="utf-8" standalone="yes"?><rss version="2.0" xmlns:atom="http://www.w3.org/2005/Atom" xmlns:content="http://purl.org/rss/1.0/modules/content/"><channel><title>大规模微服务系统的服务治理实战：从服务发现到流量控制的完整体系 on 技术博客 - 有条工具</title><link>/blog/articles/%E5%A4%A7%E8%A7%84%E6%A8%A1%E5%BE%AE%E6%9C%8D%E5%8A%A1%E7%B3%BB%E7%BB%9F%E7%9A%84%E6%9C%8D%E5%8A%A1%E6%B2%BB%E7%90%86%E5%AE%9E%E6%88%98%E4%BB%8E%E6%9C%8D%E5%8A%A1%E5%8F%91%E7%8E%B0%E5%88%B0%E6%B5%81%E9%87%8F%E6%8E%A7%E5%88%B6%E7%9A%84%E5%AE%8C%E6%95%B4%E4%BD%93%E7%B3%BB/</link><description>Recent content in 大规模微服务系统的服务治理实战：从服务发现到流量控制的完整体系 on 技术博客 - 有条工具</description><generator>Hugo -- 0.147.7</generator><language>zh-cn</language><copyright>2024-2025 有条工具技术博客</copyright><lastBuildDate/><atom:link href="/blog/articles/%E5%A4%A7%E8%A7%84%E6%A8%A1%E5%BE%AE%E6%9C%8D%E5%8A%A1%E7%B3%BB%E7%BB%9F%E7%9A%84%E6%9C%8D%E5%8A%A1%E6%B2%BB%E7%90%86%E5%AE%9E%E6%88%98%E4%BB%8E%E6%9C%8D%E5%8A%A1%E5%8F%91%E7%8E%B0%E5%88%B0%E6%B5%81%E9%87%8F%E6%8E%A7%E5%88%B6%E7%9A%84%E5%AE%8C%E6%95%B4%E4%BD%93%E7%B3%BB/feed.xml" rel="self" type="application/rss+xml"/></channel></rss>