<?xml version="1.0" encoding="utf-8" standalone="yes"?><rss version="2.0" xmlns:atom="http://www.w3.org/2005/Atom" xmlns:content="http://purl.org/rss/1.0/modules/content/"><channel><title>TypeScript 5.8新特性详解：类型系统进化与开发体验升级 on 技术博客 - 有条工具</title><link>/blog/articles/typescript-5.8%E6%96%B0%E7%89%B9%E6%80%A7%E8%AF%A6%E8%A7%A3%E7%B1%BB%E5%9E%8B%E7%B3%BB%E7%BB%9F%E8%BF%9B%E5%8C%96%E4%B8%8E%E5%BC%80%E5%8F%91%E4%BD%93%E9%AA%8C%E5%8D%87%E7%BA%A7/</link><description>Recent content in TypeScript 5.8新特性详解：类型系统进化与开发体验升级 on 技术博客 - 有条工具</description><generator>Hugo -- 0.147.7</generator><language>zh-cn</language><copyright>2024-2025 有条工具技术博客</copyright><lastBuildDate/><atom:link href="/blog/articles/typescript-5.8%E6%96%B0%E7%89%B9%E6%80%A7%E8%AF%A6%E8%A7%A3%E7%B1%BB%E5%9E%8B%E7%B3%BB%E7%BB%9F%E8%BF%9B%E5%8C%96%E4%B8%8E%E5%BC%80%E5%8F%91%E4%BD%93%E9%AA%8C%E5%8D%87%E7%BA%A7/feed.xml" rel="self" type="application/rss+xml"/></channel></rss>