<?xml version="1.0" encoding="utf-8" standalone="yes"?><rss version="2.0" xmlns:atom="http://www.w3.org/2005/Atom" xmlns:content="http://purl.org/rss/1.0/modules/content/"><channel><title>Vue on 技术博客 - 有条工具</title><link>/blog/categories/vue/</link><description>Recent content in Vue on 技术博客 - 有条工具</description><generator>Hugo -- 0.147.7</generator><language>zh-cn</language><copyright>2024-2025 有条工具技术博客</copyright><lastBuildDate>Sun, 04 Jan 2026 12:00:00 +0800</lastBuildDate><atom:link href="/blog/categories/vue/feed.xml" rel="self" type="application/rss+xml"/><item><title>Vue 3.5新特性深度解析：响应式系统的重大升级</title><link>/blog/articles/vue-3.5%E6%96%B0%E7%89%B9%E6%80%A7%E6%B7%B1%E5%BA%A6%E8%A7%A3%E6%9E%90%E5%93%8D%E5%BA%94%E5%BC%8F%E7%B3%BB%E7%BB%9F%E7%9A%84%E9%87%8D%E5%A4%A7%E5%8D%87%E7%BA%A7/</link><pubDate>Sun, 04 Jan 2026 12:00:00 +0800</pubDate><guid>/blog/articles/vue-3.5%E6%96%B0%E7%89%B9%E6%80%A7%E6%B7%B1%E5%BA%A6%E8%A7%A3%E6%9E%90%E5%93%8D%E5%BA%94%E5%BC%8F%E7%B3%BB%E7%BB%9F%E7%9A%84%E9%87%8D%E5%A4%A7%E5%8D%87%E7%BA%A7/</guid><description>深入解析Vue 3.5版本的核心特性，包括响应式系统优化、Props解构、defineModel改进等，以及如何在实际项目中应用这些新特性</description></item></channel></rss>