<?xml version="1.0" encoding="utf-8" standalone="yes"?><rss version="2.0" xmlns:atom="http://www.w3.org/2005/Atom" xmlns:content="http://purl.org/rss/1.0/modules/content/"><channel><title>系统架构 on 技术博客 - 有条工具</title><link>/blog/categories/%E7%B3%BB%E7%BB%9F%E6%9E%B6%E6%9E%84/</link><description>Recent content in 系统架构 on 技术博客 - 有条工具</description><generator>Hugo -- 0.147.7</generator><language>zh-cn</language><copyright>2024-2025 有条工具技术博客</copyright><lastBuildDate>Thu, 25 Dec 2025 17:00:00 +0800</lastBuildDate><atom:link href="/blog/categories/%E7%B3%BB%E7%BB%9F%E6%9E%B6%E6%9E%84/feed.xml" rel="self" type="application/rss+xml"/><item><title>高可用系统设计：构建永不宕机的后端架构</title><link>/blog/articles/%E9%AB%98%E5%8F%AF%E7%94%A8%E7%B3%BB%E7%BB%9F%E8%AE%BE%E8%AE%A1%E6%9E%84%E5%BB%BA%E6%B0%B8%E4%B8%8D%E5%AE%95%E6%9C%BA%E7%9A%84%E5%90%8E%E7%AB%AF%E6%9E%B6%E6%9E%84/</link><pubDate>Thu, 25 Dec 2025 17:00:00 +0800</pubDate><guid>/blog/articles/%E9%AB%98%E5%8F%AF%E7%94%A8%E7%B3%BB%E7%BB%9F%E8%AE%BE%E8%AE%A1%E6%9E%84%E5%BB%BA%E6%B0%B8%E4%B8%8D%E5%AE%95%E6%9C%BA%E7%9A%84%E5%90%8E%E7%AB%AF%E6%9E%B6%E6%9E%84/</guid><description>全面解析高可用系统设计的原则、模式和实战技巧，包括冗余设计、故障转移、限流降级、容错机制等，帮助你构建99.99%可用性的系统。</description></item><item><title>事件驱动架构：构建松耦合、高扩展系统的核心范式</title><link>/blog/articles/%E4%BA%8B%E4%BB%B6%E9%A9%B1%E5%8A%A8%E6%9E%B6%E6%9E%84%E6%9E%84%E5%BB%BA%E6%9D%BE%E8%80%A6%E5%90%88%E9%AB%98%E6%89%A9%E5%B1%95%E7%B3%BB%E7%BB%9F%E7%9A%84%E6%A0%B8%E5%BF%83%E8%8C%83%E5%BC%8F/</link><pubDate>Thu, 25 Dec 2025 13:00:00 +0800</pubDate><guid>/blog/articles/%E4%BA%8B%E4%BB%B6%E9%A9%B1%E5%8A%A8%E6%9E%B6%E6%9E%84%E6%9E%84%E5%BB%BA%E6%9D%BE%E8%80%A6%E5%90%88%E9%AB%98%E6%89%A9%E5%B1%95%E7%B3%BB%E7%BB%9F%E7%9A%84%E6%A0%B8%E5%BF%83%E8%8C%83%E5%BC%8F/</guid><description>深入解析事件驱动架构的设计原理、实现模式和技术选型，帮助你构建真正解耦、可扩展的后端系统。</description></item></channel></rss>