<?xml version="1.0" encoding="utf-8" standalone="yes"?><rss version="2.0" xmlns:atom="http://www.w3.org/2005/Atom" xmlns:content="http://purl.org/rss/1.0/modules/content/"><channel><title>Nuxt on 技术博客 - 有条工具</title><link>/blog/categories/nuxt/</link><description>Recent content in Nuxt on 技术博客 - 有条工具</description><generator>Hugo -- 0.147.7</generator><language>zh-cn</language><copyright>2024-2025 有条工具技术博客</copyright><lastBuildDate>Sun, 04 Jan 2026 13:00:00 +0800</lastBuildDate><atom:link href="/blog/categories/nuxt/feed.xml" rel="self" type="application/rss+xml"/><item><title>Nuxt 4服务端渲染性能优化实战指南</title><link>/blog/articles/nuxt-4%E6%9C%8D%E5%8A%A1%E7%AB%AF%E6%B8%B2%E6%9F%93%E6%80%A7%E8%83%BD%E4%BC%98%E5%8C%96%E5%AE%9E%E6%88%98%E6%8C%87%E5%8D%97/</link><pubDate>Sun, 04 Jan 2026 13:00:00 +0800</pubDate><guid>/blog/articles/nuxt-4%E6%9C%8D%E5%8A%A1%E7%AB%AF%E6%B8%B2%E6%9F%93%E6%80%A7%E8%83%BD%E4%BC%98%E5%8C%96%E5%AE%9E%E6%88%98%E6%8C%87%E5%8D%97/</guid><description>深入探讨Nuxt 4框架的SSR性能优化策略，包括服务端缓存、流式渲染、Hydration优化等技术细节</description></item></channel></rss>