<?xml version="1.0" encoding="utf-8" standalone="yes"?><rss version="2.0" xmlns:atom="http://www.w3.org/2005/Atom" xmlns:content="http://purl.org/rss/1.0/modules/content/"><channel><title>消息队列技术选型与深度对比：Kafka vs RabbitMQ vs RocketMQ vs Pulsar on 技术博客 - 有条工具</title><link>/blog/articles/%E6%B6%88%E6%81%AF%E9%98%9F%E5%88%97%E6%8A%80%E6%9C%AF%E9%80%89%E5%9E%8B%E4%B8%8E%E6%B7%B1%E5%BA%A6%E5%AF%B9%E6%AF%94kafka-vs-rabbitmq-vs-rocketmq-vs-pulsar/</link><description>Recent content in 消息队列技术选型与深度对比：Kafka vs RabbitMQ vs RocketMQ vs Pulsar on 技术博客 - 有条工具</description><generator>Hugo -- 0.147.7</generator><language>zh-cn</language><copyright>2024-2025 有条工具技术博客</copyright><lastBuildDate/><atom:link href="/blog/articles/%E6%B6%88%E6%81%AF%E9%98%9F%E5%88%97%E6%8A%80%E6%9C%AF%E9%80%89%E5%9E%8B%E4%B8%8E%E6%B7%B1%E5%BA%A6%E5%AF%B9%E6%AF%94kafka-vs-rabbitmq-vs-rocketmq-vs-pulsar/feed.xml" rel="self" type="application/rss+xml"/></channel></rss>