<?xml version="1.0" encoding="utf-8" standalone="yes"?><rss version="2.0" xmlns:atom="http://www.w3.org/2005/Atom" xmlns:content="http://purl.org/rss/1.0/modules/content/"><channel><title>Go语言高并发服务性能优化实战：从理论到落地的完整指南 on 技术博客 - 有条工具</title><link>/blog/articles/go%E8%AF%AD%E8%A8%80%E9%AB%98%E5%B9%B6%E5%8F%91%E6%9C%8D%E5%8A%A1%E6%80%A7%E8%83%BD%E4%BC%98%E5%8C%96%E5%AE%9E%E6%88%98%E4%BB%8E%E7%90%86%E8%AE%BA%E5%88%B0%E8%90%BD%E5%9C%B0%E7%9A%84%E5%AE%8C%E6%95%B4%E6%8C%87%E5%8D%97/</link><description>Recent content in Go语言高并发服务性能优化实战：从理论到落地的完整指南 on 技术博客 - 有条工具</description><generator>Hugo -- 0.147.7</generator><language>zh-cn</language><copyright>2024-2025 有条工具技术博客</copyright><lastBuildDate/><atom:link href="/blog/articles/go%E8%AF%AD%E8%A8%80%E9%AB%98%E5%B9%B6%E5%8F%91%E6%9C%8D%E5%8A%A1%E6%80%A7%E8%83%BD%E4%BC%98%E5%8C%96%E5%AE%9E%E6%88%98%E4%BB%8E%E7%90%86%E8%AE%BA%E5%88%B0%E8%90%BD%E5%9C%B0%E7%9A%84%E5%AE%8C%E6%95%B4%E6%8C%87%E5%8D%97/feed.xml" rel="self" type="application/rss+xml"/></channel></rss>