<?xml version="1.0" encoding="utf-8" standalone="yes"?><rss version="2.0" xmlns:atom="http://www.w3.org/2005/Atom" xmlns:content="http://purl.org/rss/1.0/modules/content/"><channel><title>Vibe Coding：下一代编程范式的崛起与实践 on 技术博客 - 有条工具</title><link>/blog/articles/vibe-coding%E4%B8%8B%E4%B8%80%E4%BB%A3%E7%BC%96%E7%A8%8B%E8%8C%83%E5%BC%8F%E7%9A%84%E5%B4%9B%E8%B5%B7%E4%B8%8E%E5%AE%9E%E8%B7%B5/</link><description>Recent content in Vibe Coding：下一代编程范式的崛起与实践 on 技术博客 - 有条工具</description><generator>Hugo -- 0.147.7</generator><language>zh-cn</language><copyright>2024-2025 有条工具技术博客</copyright><lastBuildDate/><atom:link href="/blog/articles/vibe-coding%E4%B8%8B%E4%B8%80%E4%BB%A3%E7%BC%96%E7%A8%8B%E8%8C%83%E5%BC%8F%E7%9A%84%E5%B4%9B%E8%B5%B7%E4%B8%8E%E5%AE%9E%E8%B7%B5/feed.xml" rel="self" type="application/rss+xml"/></channel></rss>