<?xml version="1.0" encoding="utf-8" standalone="yes"?><rss version="2.0" xmlns:atom="http://www.w3.org/2005/Atom" xmlns:content="http://purl.org/rss/1.0/modules/content/"><channel><title>系统容量规划与性能测试实践：从QPS评估到全链路压测的完整指南 on 技术博客 - 有条工具</title><link>/blog/articles/%E7%B3%BB%E7%BB%9F%E5%AE%B9%E9%87%8F%E8%A7%84%E5%88%92%E4%B8%8E%E6%80%A7%E8%83%BD%E6%B5%8B%E8%AF%95%E5%AE%9E%E8%B7%B5%E4%BB%8Eqps%E8%AF%84%E4%BC%B0%E5%88%B0%E5%85%A8%E9%93%BE%E8%B7%AF%E5%8E%8B%E6%B5%8B%E7%9A%84%E5%AE%8C%E6%95%B4%E6%8C%87%E5%8D%97/</link><description>Recent content in 系统容量规划与性能测试实践：从QPS评估到全链路压测的完整指南 on 技术博客 - 有条工具</description><generator>Hugo -- 0.147.7</generator><language>zh-cn</language><copyright>2024-2025 有条工具技术博客</copyright><lastBuildDate/><atom:link href="/blog/articles/%E7%B3%BB%E7%BB%9F%E5%AE%B9%E9%87%8F%E8%A7%84%E5%88%92%E4%B8%8E%E6%80%A7%E8%83%BD%E6%B5%8B%E8%AF%95%E5%AE%9E%E8%B7%B5%E4%BB%8Eqps%E8%AF%84%E4%BC%B0%E5%88%B0%E5%85%A8%E9%93%BE%E8%B7%AF%E5%8E%8B%E6%B5%8B%E7%9A%84%E5%AE%8C%E6%95%B4%E6%8C%87%E5%8D%97/feed.xml" rel="self" type="application/rss+xml"/></channel></rss>