<?xml version="1.0" encoding="utf-8" standalone="yes"?><rss version="2.0" xmlns:atom="http://www.w3.org/2005/Atom" xmlns:content="http://purl.org/rss/1.0/modules/content/"><channel><title>网络安全 on 技术博客 - 有条工具</title><link>/blog/categories/%E7%BD%91%E7%BB%9C%E5%AE%89%E5%85%A8/</link><description>Recent content in 网络安全 on 技术博客 - 有条工具</description><generator>Hugo -- 0.147.7</generator><language>zh-cn</language><copyright>2024-2025 有条工具技术博客</copyright><lastBuildDate>Tue, 30 Dec 2025 14:00:00 +0800</lastBuildDate><atom:link href="/blog/categories/%E7%BD%91%E7%BB%9C%E5%AE%89%E5%85%A8/feed.xml" rel="self" type="application/rss+xml"/><item><title>网络安全与漏洞深度分析：从攻击到防御的完整指南</title><link>/blog/articles/%E7%BD%91%E7%BB%9C%E5%AE%89%E5%85%A8%E4%B8%8E%E6%BC%8F%E6%B4%9E%E6%B7%B1%E5%BA%A6%E5%88%86%E6%9E%90%E4%BB%8E%E6%94%BB%E5%87%BB%E5%88%B0%E9%98%B2%E5%BE%A1%E7%9A%84%E5%AE%8C%E6%95%B4%E6%8C%87%E5%8D%97/</link><pubDate>Tue, 30 Dec 2025 14:00:00 +0800</pubDate><guid>/blog/articles/%E7%BD%91%E7%BB%9C%E5%AE%89%E5%85%A8%E4%B8%8E%E6%BC%8F%E6%B4%9E%E6%B7%B1%E5%BA%A6%E5%88%86%E6%9E%90%E4%BB%8E%E6%94%BB%E5%87%BB%E5%88%B0%E9%98%B2%E5%BE%A1%E7%9A%84%E5%AE%8C%E6%95%B4%E6%8C%87%E5%8D%97/</guid><description>深入探讨网络安全领域的核心主题，涵盖OWASP Top 10、常见Web漏洞、渗透测试方法、安全编码实践等，帮助开发者和安全工程师构建更安全的系统。</description></item><item><title>DDoS防护完全指南：从原理分析到实战部署的完整防护体系</title><link>/blog/articles/ddos%E9%98%B2%E6%8A%A4%E5%AE%8C%E5%85%A8%E6%8C%87%E5%8D%97%E4%BB%8E%E5%8E%9F%E7%90%86%E5%88%86%E6%9E%90%E5%88%B0%E5%AE%9E%E6%88%98%E9%83%A8%E7%BD%B2%E7%9A%84%E5%AE%8C%E6%95%B4%E9%98%B2%E6%8A%A4%E4%BD%93%E7%B3%BB/</link><pubDate>Mon, 22 Dec 2025 13:00:00 +0800</pubDate><guid>/blog/articles/ddos%E9%98%B2%E6%8A%A4%E5%AE%8C%E5%85%A8%E6%8C%87%E5%8D%97%E4%BB%8E%E5%8E%9F%E7%90%86%E5%88%86%E6%9E%90%E5%88%B0%E5%AE%9E%E6%88%98%E9%83%A8%E7%BD%B2%E7%9A%84%E5%AE%8C%E6%95%B4%E9%98%B2%E6%8A%A4%E4%BD%93%E7%B3%BB/</guid><description>全面解析DDoS攻击的类型、原理和防护策略，包括网络层防护、应用层防护、云原生安全方案和应急响应流程，帮助企业构建多层次、智能化的DDoS防护体系。</description></item><item><title>Node.js安全最佳实践：构建安全的后端应用</title><link>/blog/articles/nodejs-security-best-practices/</link><pubDate>Sun, 21 Dec 2025 19:00:00 +0800</pubDate><guid>/blog/articles/nodejs-security-best-practices/</guid><description>本文详细介绍Node.js应用的安全防护策略，包括依赖管理、输入验证、认证授权、数据加密等核心安全措施。</description></item></channel></rss>