<?xml version="1.0" encoding="utf-8" standalone="yes"?><rss version="2.0" xmlns:atom="http://www.w3.org/2005/Atom" xmlns:content="http://purl.org/rss/1.0/modules/content/"><channel><title>Serverless架构与前端部署：现代化部署策略 on 技术博客 - 有条工具</title><link>/blog/articles/serverless%E6%9E%B6%E6%9E%84%E4%B8%8E%E5%89%8D%E7%AB%AF%E9%83%A8%E7%BD%B2%E7%8E%B0%E4%BB%A3%E5%8C%96%E9%83%A8%E7%BD%B2%E7%AD%96%E7%95%A5/</link><description>Recent content in Serverless架构与前端部署：现代化部署策略 on 技术博客 - 有条工具</description><generator>Hugo -- 0.147.7</generator><language>zh-cn</language><copyright>2024-2025 有条工具技术博客</copyright><lastBuildDate/><atom:link href="/blog/articles/serverless%E6%9E%B6%E6%9E%84%E4%B8%8E%E5%89%8D%E7%AB%AF%E9%83%A8%E7%BD%B2%E7%8E%B0%E4%BB%A3%E5%8C%96%E9%83%A8%E7%BD%B2%E7%AD%96%E7%95%A5/feed.xml" rel="self" type="application/rss+xml"/></channel></rss>