<?xml version="1.0" encoding="utf-8" standalone="yes"?><rss version="2.0" xmlns:atom="http://www.w3.org/2005/Atom" xmlns:content="http://purl.org/rss/1.0/modules/content/"><channel><title>RAG系统构建完全指南：打造企业级知识问答系统 on 技术博客 - 有条工具</title><link>/blog/articles/rag%E7%B3%BB%E7%BB%9F%E6%9E%84%E5%BB%BA%E5%AE%8C%E5%85%A8%E6%8C%87%E5%8D%97%E6%89%93%E9%80%A0%E4%BC%81%E4%B8%9A%E7%BA%A7%E7%9F%A5%E8%AF%86%E9%97%AE%E7%AD%94%E7%B3%BB%E7%BB%9F/</link><description>Recent content in RAG系统构建完全指南：打造企业级知识问答系统 on 技术博客 - 有条工具</description><generator>Hugo -- 0.147.7</generator><language>zh-cn</language><copyright>2024-2025 有条工具技术博客</copyright><lastBuildDate/><atom:link href="/blog/articles/rag%E7%B3%BB%E7%BB%9F%E6%9E%84%E5%BB%BA%E5%AE%8C%E5%85%A8%E6%8C%87%E5%8D%97%E6%89%93%E9%80%A0%E4%BC%81%E4%B8%9A%E7%BA%A7%E7%9F%A5%E8%AF%86%E9%97%AE%E7%AD%94%E7%B3%BB%E7%BB%9F/feed.xml" rel="self" type="application/rss+xml"/></channel></rss>