<?xml version="1.0" encoding="utf-8" standalone="yes"?><rss version="2.0" xmlns:atom="http://www.w3.org/2005/Atom" xmlns:content="http://purl.org/rss/1.0/modules/content/"><channel><title>开发工具 on 技术博客 - 有条工具</title><link>/blog/categories/%E5%BC%80%E5%8F%91%E5%B7%A5%E5%85%B7/</link><description>Recent content in 开发工具 on 技术博客 - 有条工具</description><generator>Hugo -- 0.147.7</generator><language>zh-cn</language><copyright>2024-2025 有条工具技术博客</copyright><lastBuildDate>Sun, 04 Jan 2026 11:00:00 +0800</lastBuildDate><atom:link href="/blog/categories/%E5%BC%80%E5%8F%91%E5%B7%A5%E5%85%B7/feed.xml" rel="self" type="application/rss+xml"/><item><title>用Rust构建高性能CLI工具：从零到部署完整指南</title><link>/blog/articles/%E7%94%A8rust%E6%9E%84%E5%BB%BA%E9%AB%98%E6%80%A7%E8%83%BDcli%E5%B7%A5%E5%85%B7%E4%BB%8E%E9%9B%B6%E5%88%B0%E9%83%A8%E7%BD%B2%E5%AE%8C%E6%95%B4%E6%8C%87%E5%8D%97/</link><pubDate>Sun, 04 Jan 2026 11:00:00 +0800</pubDate><guid>/blog/articles/%E7%94%A8rust%E6%9E%84%E5%BB%BA%E9%AB%98%E6%80%A7%E8%83%BDcli%E5%B7%A5%E5%85%B7%E4%BB%8E%E9%9B%B6%E5%88%B0%E9%83%A8%E7%BD%B2%E5%AE%8C%E6%95%B4%E6%8C%87%E5%8D%97/</guid><description>详细介绍如何使用Rust语言构建跨平台、高性能的命令行工具，涵盖项目结构、依赖管理、错误处理、发布部署等完整流程</description></item><item><title>开发者工具完全指南：提升编程效率的实用工具集</title><link>/blog/articles/%E5%BC%80%E5%8F%91%E8%80%85%E5%B7%A5%E5%85%B7%E5%AE%8C%E5%85%A8%E6%8C%87%E5%8D%97%E6%8F%90%E5%8D%87%E7%BC%96%E7%A8%8B%E6%95%88%E7%8E%87%E7%9A%84%E5%AE%9E%E7%94%A8%E5%B7%A5%E5%85%B7%E9%9B%86/</link><pubDate>Tue, 30 Dec 2025 19:00:00 +0800</pubDate><guid>/blog/articles/%E5%BC%80%E5%8F%91%E8%80%85%E5%B7%A5%E5%85%B7%E5%AE%8C%E5%85%A8%E6%8C%87%E5%8D%97%E6%8F%90%E5%8D%87%E7%BC%96%E7%A8%8B%E6%95%88%E7%8E%87%E7%9A%84%E5%AE%9E%E7%94%A8%E5%B7%A5%E5%85%B7%E9%9B%86/</guid><description>全面介绍开发者必备工具，涵盖代码编辑器、调试工具、版本控制、API测试等，帮助开发者大幅提升工作效率。</description></item><item><title>Git高级技巧：掌握版本控制的精髓</title><link>/blog/articles/git-advanced-techniques/</link><pubDate>Sun, 21 Dec 2025 18:00:00 +0800</pubDate><guid>/blog/articles/git-advanced-techniques/</guid><description>本文详细介绍Git的高级功能，包括分支管理、变基、拣选、交互式变基等高级技巧，帮助开发者精通Git版本控制。</description></item><item><title>构建实用型Web开发工具：从需求到实现的完整指南</title><link>/blog/articles/building-practical-web-dev-tools-guide/</link><pubDate>Sun, 21 Dec 2025 10:00:00 +0800</pubDate><guid>/blog/articles/building-practical-web-dev-tools-guide/</guid><description>本文详细介绍了构建实用Web开发工具的完整流程，包括需求分析、技术选型、UI设计、功能实现和部署优化，为开发者提供工具开发的实战指南。</description></item><item><title>JSON格式化工具完全指南：从基础到进阶的实用教程</title><link>/blog/articles/json-formatter-complete-guide/</link><pubDate>Thu, 18 Dec 2025 10:30:00 +0800</pubDate><guid>/blog/articles/json-formatter-complete-guide/</guid><description>全面的JSON格式化工具使用教程，包含JSON基础语法、格式化技巧、验证方法、压缩优化等实用技能，帮助开发者高效处理JSON数据</description></item><item><title>Git进阶使用技巧：从基础到高级的实战指南</title><link>/blog/articles/git-advanced-techniques/</link><pubDate>Wed, 17 Dec 2025 16:00:00 +0800</pubDate><guid>/blog/articles/git-advanced-techniques/</guid><description>深入探讨Git的高级使用技巧，包括分支管理策略、合并冲突解决、性能优化、自动化工作流等，帮助开发者提升Git使用效率</description></item><item><title>Git 高级技巧：提升开发效率的实用指南</title><link>/blog/articles/git-advanced-techniques/</link><pubDate>Tue, 09 Dec 2025 11:00:00 +0800</pubDate><guid>/blog/articles/git-advanced-techniques/</guid><description>分享 Git 的高级使用技巧，帮助开发者更高效地管理代码和协作</description></item></channel></rss>