<?xml version="1.0" encoding="utf-8" standalone="yes"?><rss version="2.0" xmlns:atom="http://www.w3.org/2005/Atom" xmlns:content="http://purl.org/rss/1.0/modules/content/"><channel><title>前端开发 on 技术博客 - 有条工具</title><link>/blog/categories/%E5%89%8D%E7%AB%AF%E5%BC%80%E5%8F%91/</link><description>Recent content in 前端开发 on 技术博客 - 有条工具</description><generator>Hugo -- 0.147.7</generator><language>zh-cn</language><copyright>2024-2025 有条工具技术博客</copyright><lastBuildDate>Tue, 30 Dec 2025 10:00:00 +0800</lastBuildDate><atom:link href="/blog/categories/%E5%89%8D%E7%AB%AF%E5%BC%80%E5%8F%91/feed.xml" rel="self" type="application/rss+xml"/><item><title>现代前端架构深度解析：构建可扩展的大型应用</title><link>/blog/articles/%E7%8E%B0%E4%BB%A3%E5%89%8D%E7%AB%AF%E6%9E%B6%E6%9E%84%E6%B7%B1%E5%BA%A6%E8%A7%A3%E6%9E%90%E6%9E%84%E5%BB%BA%E5%8F%AF%E6%89%A9%E5%B1%95%E7%9A%84%E5%A4%A7%E5%9E%8B%E5%BA%94%E7%94%A8/</link><pubDate>Tue, 30 Dec 2025 10:00:00 +0800</pubDate><guid>/blog/articles/%E7%8E%B0%E4%BB%A3%E5%89%8D%E7%AB%AF%E6%9E%B6%E6%9E%84%E6%B7%B1%E5%BA%A6%E8%A7%A3%E6%9E%90%E6%9E%84%E5%BB%BA%E5%8F%AF%E6%89%A9%E5%B1%95%E7%9A%84%E5%A4%A7%E5%9E%8B%E5%BA%94%E7%94%A8/</guid><description>深入探讨现代前端架构设计，包括微前端、模块联邦、状态管理、性能优化等核心主题，帮助开发者构建可维护、可扩展的大型前端应用。</description></item><item><title>WebAssembly性能优化实践：突破Web应用性能瓶颈</title><link>/blog/articles/webassembly%E6%80%A7%E8%83%BD%E4%BC%98%E5%8C%96%E5%AE%9E%E8%B7%B5%E7%AA%81%E7%A0%B4web%E5%BA%94%E7%94%A8%E6%80%A7%E8%83%BD%E7%93%B6%E9%A2%88/</link><pubDate>Tue, 30 Dec 2025 09:00:00 +0800</pubDate><guid>/blog/articles/webassembly%E6%80%A7%E8%83%BD%E4%BC%98%E5%8C%96%E5%AE%9E%E8%B7%B5%E7%AA%81%E7%A0%B4web%E5%BA%94%E7%94%A8%E6%80%A7%E8%83%BD%E7%93%B6%E9%A2%88/</guid><description>深入探讨WebAssembly的性能优化技巧，从内存管理到SIMD优化，帮助开发者构建高性能的Web应用。</description></item><item><title>用户体验设计原则：打造让用户爱不释手的产品</title><link>/blog/articles/%E7%94%A8%E6%88%B7%E4%BD%93%E9%AA%8C%E8%AE%BE%E8%AE%A1%E5%8E%9F%E5%88%99%E6%89%93%E9%80%A0%E8%AE%A9%E7%94%A8%E6%88%B7%E7%88%B1%E4%B8%8D%E9%87%8A%E6%89%8B%E7%9A%84%E4%BA%A7%E5%93%81/</link><pubDate>Thu, 25 Dec 2025 20:30:00 +0800</pubDate><guid>/blog/articles/%E7%94%A8%E6%88%B7%E4%BD%93%E9%AA%8C%E8%AE%BE%E8%AE%A1%E5%8E%9F%E5%88%99%E6%89%93%E9%80%A0%E8%AE%A9%E7%94%A8%E6%88%B7%E7%88%B1%E4%B8%8D%E9%87%8A%E6%89%8B%E7%9A%84%E4%BA%A7%E5%93%81/</guid><description>深入探讨用户体验设计的核心原则、心理学基础和实战技巧，帮助你设计出直观、高效、愉悦的数字产品。</description></item><item><title>前端性能优化完全指南：从加载到渲染的全方位优化</title><link>/blog/articles/%E5%89%8D%E7%AB%AF%E6%80%A7%E8%83%BD%E4%BC%98%E5%8C%96%E5%AE%8C%E5%85%A8%E6%8C%87%E5%8D%97%E4%BB%8E%E5%8A%A0%E8%BD%BD%E5%88%B0%E6%B8%B2%E6%9F%93%E7%9A%84%E5%85%A8%E6%96%B9%E4%BD%8D%E4%BC%98%E5%8C%96/</link><pubDate>Thu, 25 Dec 2025 19:30:00 +0800</pubDate><guid>/blog/articles/%E5%89%8D%E7%AB%AF%E6%80%A7%E8%83%BD%E4%BC%98%E5%8C%96%E5%AE%8C%E5%85%A8%E6%8C%87%E5%8D%97%E4%BB%8E%E5%8A%A0%E8%BD%BD%E5%88%B0%E6%B8%B2%E6%9F%93%E7%9A%84%E5%85%A8%E6%96%B9%E4%BD%8D%E4%BC%98%E5%8C%96/</guid><description>深入探讨前端性能优化的核心技术，包括资源加载优化、渲染性能优化、网络优化和JavaScript性能优化，帮助你打造秒开的Web应用。</description></item><item><title>响应式设计完全指南：构建适配所有设备的完美体验</title><link>/blog/articles/%E5%93%8D%E5%BA%94%E5%BC%8F%E8%AE%BE%E8%AE%A1%E5%AE%8C%E5%85%A8%E6%8C%87%E5%8D%97%E6%9E%84%E5%BB%BA%E9%80%82%E9%85%8D%E6%89%80%E6%9C%89%E8%AE%BE%E5%A4%87%E7%9A%84%E5%AE%8C%E7%BE%8E%E4%BD%93%E9%AA%8C/</link><pubDate>Thu, 25 Dec 2025 18:30:00 +0800</pubDate><guid>/blog/articles/%E5%93%8D%E5%BA%94%E5%BC%8F%E8%AE%BE%E8%AE%A1%E5%AE%8C%E5%85%A8%E6%8C%87%E5%8D%97%E6%9E%84%E5%BB%BA%E9%80%82%E9%85%8D%E6%89%80%E6%9C%89%E8%AE%BE%E5%A4%87%E7%9A%84%E5%AE%8C%E7%BE%8E%E4%BD%93%E9%AA%8C/</guid><description>深入探讨响应式设计的核心原理、布局策略、媒体查询技巧和移动端适配方案，帮助你构建在各种设备上都完美展示的网站。</description></item><item><title>Web可访问性设计实践：构建人人可用的数字产品</title><link>/blog/articles/web%E5%8F%AF%E8%AE%BF%E9%97%AE%E6%80%A7%E8%AE%BE%E8%AE%A1%E5%AE%9E%E8%B7%B5%E6%9E%84%E5%BB%BA%E4%BA%BA%E4%BA%BA%E5%8F%AF%E7%94%A8%E7%9A%84%E6%95%B0%E5%AD%97%E4%BA%A7%E5%93%81/</link><pubDate>Thu, 25 Dec 2025 17:30:00 +0800</pubDate><guid>/blog/articles/web%E5%8F%AF%E8%AE%BF%E9%97%AE%E6%80%A7%E8%AE%BE%E8%AE%A1%E5%AE%9E%E8%B7%B5%E6%9E%84%E5%BB%BA%E4%BA%BA%E4%BA%BA%E5%8F%AF%E7%94%A8%E7%9A%84%E6%95%B0%E5%AD%97%E4%BA%A7%E5%93%81/</guid><description>深入探讨Web可访问性（a11y）的核心原则、技术实现和测试方法，帮助你构建对所有人都友好的、符合WCAG标准的无障碍网站。</description></item><item><title>高级API调试技术：从接口测试到性能监控的完整调试指南</title><link>/blog/articles/%E9%AB%98%E7%BA%A7api%E8%B0%83%E8%AF%95%E6%8A%80%E6%9C%AF%E4%BB%8E%E6%8E%A5%E5%8F%A3%E6%B5%8B%E8%AF%95%E5%88%B0%E6%80%A7%E8%83%BD%E7%9B%91%E6%8E%A7%E7%9A%84%E5%AE%8C%E6%95%B4%E8%B0%83%E8%AF%95%E6%8C%87%E5%8D%97/</link><pubDate>Mon, 22 Dec 2025 16:00:00 +0800</pubDate><guid>/blog/articles/%E9%AB%98%E7%BA%A7api%E8%B0%83%E8%AF%95%E6%8A%80%E6%9C%AF%E4%BB%8E%E6%8E%A5%E5%8F%A3%E6%B5%8B%E8%AF%95%E5%88%B0%E6%80%A7%E8%83%BD%E7%9B%91%E6%8E%A7%E7%9A%84%E5%AE%8C%E6%95%B4%E8%B0%83%E8%AF%95%E6%8C%87%E5%8D%97/</guid><description>深入探讨现代API调试的高级技术和最佳实践，包括自动化测试、性能监控、错误追踪、安全调试和调试工具的使用，帮助开发者快速定位和解决API问题。</description></item><item><title>2025年前端性能优化终极指南：从Core Web Vitals到用户体验优化</title><link>/blog/articles/2025%E5%B9%B4%E5%89%8D%E7%AB%AF%E6%80%A7%E8%83%BD%E4%BC%98%E5%8C%96%E7%BB%88%E6%9E%81%E6%8C%87%E5%8D%97%E4%BB%8Ecore-web-vitals%E5%88%B0%E7%94%A8%E6%88%B7%E4%BD%93%E9%AA%8C%E4%BC%98%E5%8C%96/</link><pubDate>Mon, 22 Dec 2025 15:00:00 +0800</pubDate><guid>/blog/articles/2025%E5%B9%B4%E5%89%8D%E7%AB%AF%E6%80%A7%E8%83%BD%E4%BC%98%E5%8C%96%E7%BB%88%E6%9E%81%E6%8C%87%E5%8D%97%E4%BB%8Ecore-web-vitals%E5%88%B0%E7%94%A8%E6%88%B7%E4%BD%93%E9%AA%8C%E4%BC%98%E5%8C%96/</guid><description>深入探讨2025年前端性能优化的最新技术和最佳实践，包括Core Web Vitals优化、代码分割、懒加载、缓存策略和现代Web性能工具的使用。</description></item><item><title>现代前端开发调试技巧：从Console到DevTools的完整指南</title><link>/blog/articles/%E7%8E%B0%E4%BB%A3%E5%89%8D%E7%AB%AF%E5%BC%80%E5%8F%91%E8%B0%83%E8%AF%95%E6%8A%80%E5%B7%A7%E4%BB%8Econsole%E5%88%B0devtools%E7%9A%84%E5%AE%8C%E6%95%B4%E6%8C%87%E5%8D%97/</link><pubDate>Mon, 22 Dec 2025 09:00:00 +0800</pubDate><guid>/blog/articles/%E7%8E%B0%E4%BB%A3%E5%89%8D%E7%AB%AF%E5%BC%80%E5%8F%91%E8%B0%83%E8%AF%95%E6%8A%80%E5%B7%A7%E4%BB%8Econsole%E5%88%B0devtools%E7%9A%84%E5%AE%8C%E6%95%B4%E6%8C%87%E5%8D%97/</guid><description>深入探讨现代前端开发中的调试技巧，包括浏览器DevTools高级功能、Source Map配置、断点调试、性能分析和常见问题排查方法。</description></item><item><title>Web无障碍实践指南：构建包容性网络应用</title><link>/blog/articles/web-accessibility-guide/</link><pubDate>Sun, 21 Dec 2025 20:00:00 +0800</pubDate><guid>/blog/articles/web-accessibility-guide/</guid><description>本文详细介绍Web无障碍的核心原则、技术实现和最佳实践，帮助开发者构建符合WCAG标准的包容性应用。</description></item><item><title>前端性能优化完全指南：让你的网站快如闪电</title><link>/blog/articles/frontend-performance-optimization/</link><pubDate>Sun, 21 Dec 2025 17:00:00 +0800</pubDate><guid>/blog/articles/frontend-performance-optimization/</guid><description>本文详细介绍了前端性能优化的各个方面，包括资源加载优化、代码分割、缓存策略、渲染性能等实战技巧。</description></item><item><title>TypeScript类型体操：掌握高级泛型和类型操作技巧</title><link>/blog/articles/typescript-type-gymnastics/</link><pubDate>Sun, 21 Dec 2025 14:00:00 +0800</pubDate><guid>/blog/articles/typescript-type-gymnastics/</guid><description>本文详细介绍TypeScript的高级类型特性，包括泛型、条件类型、映射类型等，通过实例展示类型编程的魅力。</description></item><item><title>JavaScript异步编程最佳实践：从回调到async/await</title><link>/blog/articles/javascript-async-programming-best-practices/</link><pubDate>Sun, 21 Dec 2025 13:00:00 +0800</pubDate><guid>/blog/articles/javascript-async-programming-best-practices/</guid><description>本文全面介绍了JavaScript异步编程的发展，从回调函数到Promise再到async/await，包含大量实战技巧和性能优化建议。</description></item><item><title>现代CSS布局技术：Grid与Flexbox完全指南</title><link>/blog/articles/modern-css-layout-techniques/</link><pubDate>Sun, 21 Dec 2025 12:00:00 +0800</pubDate><guid>/blog/articles/modern-css-layout-techniques/</guid><description>本文详细介绍CSS Grid和Flexbox的核心概念、使用方法和最佳实践，包含大量实例代码和布局技巧。</description></item><item><title>Vue 3.5 Composition API 深度解析：掌握响应式编程的艺术</title><link>/blog/articles/vue-3-5-composition-api-deep-dive/</link><pubDate>Sun, 21 Dec 2025 11:00:00 +0800</pubDate><guid>/blog/articles/vue-3-5-composition-api-deep-dive/</guid><description>本文详细介绍了Vue 3.5 Composition API的高级特性，包括ref、reactive、computed、watch等核心API的最佳实践。</description></item><item><title>构建实用型Web开发工具：从需求到实现的完整指南</title><link>/blog/articles/building-practical-web-dev-tools-guide/</link><pubDate>Sun, 21 Dec 2025 10:00:00 +0800</pubDate><guid>/blog/articles/building-practical-web-dev-tools-guide/</guid><description>本文详细介绍了构建实用Web开发工具的完整流程，包括需求分析、技术选型、UI设计、功能实现和部署优化，为开发者提供工具开发的实战指南。</description></item><item><title>2025年Web Vitals性能优化终极指南</title><link>/blog/articles/web-vitals-optimization-2025/</link><pubDate>Fri, 19 Dec 2025 20:00:00 +0800</pubDate><guid>/blog/articles/web-vitals-optimization-2025/</guid><description>全面解析2025年Web Vitals优化策略，包括Core Web Vitals指标、最新优化技术和性能监控最佳实践。</description></item><item><title>Tailwind CSS 4.0新特性深度解析</title><link>/blog/articles/tailwindcss-4-new-features/</link><pubDate>Fri, 19 Dec 2025 14:00:00 +0800</pubDate><guid>/blog/articles/tailwindcss-4-new-features/</guid><description>全面解析Tailwind CSS 4.0的革命性新特性，包括原生CSS引擎、容器查询、新配色系统和性能优化。</description></item><item><title>Next.js 15 App Router完全指南</title><link>/blog/articles/nextjs-15-app-router-guide/</link><pubDate>Fri, 19 Dec 2025 13:00:00 +0800</pubDate><guid>/blog/articles/nextjs-15-app-router-guide/</guid><description>深入探索Next.js 15的App Router架构，了解服务器组件、客户端组件、路由模式和性能优化策略。</description></item><item><title>Vue 3.5 Composition API深度解析</title><link>/blog/articles/vue-3-5-composition-api-deep-dive/</link><pubDate>Fri, 19 Dec 2025 10:00:00 +0800</pubDate><guid>/blog/articles/vue-3-5-composition-api-deep-dive/</guid><description>深入解析Vue 3.5 Composition API的新特性与最佳实践，包括响应式系统优化、性能提升和开发体验改进。</description></item><item><title>前端性能优化终极指南：提升Web应用加载速度的15个实战技巧</title><link>/blog/articles/frontend-performance-optimization-guide/</link><pubDate>Thu, 18 Dec 2025 14:00:00 +0800</pubDate><guid>/blog/articles/frontend-performance-optimization-guide/</guid><description>全面的前端性能优化指南，涵盖资源加载、代码优化、缓存策略、图片优化等关键技术，帮助开发者显著提升Web应用加载速度和用户体验</description></item><item><title>前端工程化实践指南：从零搭建现代化的前端项目</title><link>/blog/articles/frontend-engineering-practices/</link><pubDate>Wed, 17 Dec 2025 18:00:00 +0800</pubDate><guid>/blog/articles/frontend-engineering-practices/</guid><description>深入探讨前端工程化的核心理念和实践方法，包括项目脚手架、构建优化、自动化测试、代码质量保证等，帮助团队建立规范的前端开发流程</description></item><item><title>现代CSS布局技巧：Flexbox、Grid与容器的完美结合</title><link>/blog/articles/modern-css-layout-techniques/</link><pubDate>Wed, 17 Dec 2025 13:00:00 +0800</pubDate><guid>/blog/articles/modern-css-layout-techniques/</guid><description>深入探讨现代CSS布局技术，包括Flexbox、Grid、Container Queries等，以及如何在实际项目中灵活运用这些布局技巧</description></item><item><title>前端性能优化实战指南：从加载到渲染的全方位优化</title><link>/blog/articles/frontend-performance-optimization/</link><pubDate>Wed, 17 Dec 2025 12:00:00 +0800</pubDate><guid>/blog/articles/frontend-performance-optimization/</guid><description>全面介绍前端性能优化的方法和技巧，涵盖加载、渲染、动画、内存管理等多个方面的实战经验</description></item><item><title>Vue 3响应式原理深入解析：从Proxy到Composition API</title><link>/blog/articles/vue3-reactive-system-deep-dive/</link><pubDate>Wed, 17 Dec 2025 10:00:00 +0800</pubDate><guid>/blog/articles/vue3-reactive-system-deep-dive/</guid><description>深入解析Vue 3的响应式系统原理，了解Proxy如何实现响应式，以及Composition API背后的设计思想</description></item><item><title>CSS Grid与Flexbox完全指南：现代布局实战技巧</title><link>/blog/articles/css-grid-flexbox-guide/</link><pubDate>Tue, 16 Dec 2025 00:00:00 +0000</pubDate><guid>/blog/articles/css-grid-flexbox-guide/</guid><description>深入对比CSS Grid和Flexbox的使用场景，通过实战案例演示如何选择合适的布局方案，掌握现代CSS布局的核心技巧。</description></item><item><title>React性能优化完全指南：从基础到高级的性能提升技巧</title><link>/blog/articles/react-performance-optimization/</link><pubDate>Tue, 16 Dec 2025 00:00:00 +0000</pubDate><guid>/blog/articles/react-performance-optimization/</guid><description>深入探讨React应用性能优化的核心策略，包括组件优化、状态管理、渲染优化、Bundle优化等，帮助构建高性能的React应用。</description></item><item><title>Web无障碍完全指南：构建人人可访问的网站</title><link>/blog/articles/web-accessibility-guide/</link><pubDate>Tue, 16 Dec 2025 00:00:00 +0000</pubDate><guid>/blog/articles/web-accessibility-guide/</guid><description>全面介绍Web无障碍(WA)的核心原则和实施方法，包括语义化HTML、ARIA、键盘导航、色彩对比等，帮助开发者构建包容性的网站应用。</description></item><item><title>Vite vs Webpack：现代前端构建工具对比</title><link>/blog/articles/vite-vs-webpack-comparison/</link><pubDate>Mon, 15 Dec 2025 10:00:00 +0800</pubDate><guid>/blog/articles/vite-vs-webpack-comparison/</guid><description>深入对比 Vite 和 Webpack 两大主流前端构建工具，分析各自的优势和适用场景</description></item><item><title>TypeScript 最佳实践：构建类型安全的前端应用</title><link>/blog/articles/typescript-best-practices/</link><pubDate>Sun, 14 Dec 2025 14:00:00 +0800</pubDate><guid>/blog/articles/typescript-best-practices/</guid><description>分享 TypeScript 开发中的最佳实践，帮助团队构建类型安全、可维护的前端应用</description></item><item><title>React 性能优化实战：从理论到实践</title><link>/blog/articles/react-performance-optimization/</link><pubDate>Sat, 13 Dec 2025 10:30:00 +0800</pubDate><guid>/blog/articles/react-performance-optimization/</guid><description>深入探讨 React 应用性能优化的各种技巧，包括组件优化、状态管理优化和渲染优化</description></item><item><title>Vue 3 Composition API 完全指南</title><link>/blog/articles/vue3-composition-api-guide/</link><pubDate>Fri, 12 Dec 2025 16:00:00 +0800</pubDate><guid>/blog/articles/vue3-composition-api-guide/</guid><description>全面介绍 Vue 3 Composition API 的使用方法和最佳实践</description></item><item><title>CSS Grid 布局完全教程</title><link>/blog/articles/css-grid-layout-tutorial/</link><pubDate>Thu, 11 Dec 2025 09:00:00 +0800</pubDate><guid>/blog/articles/css-grid-layout-tutorial/</guid><description>全面学习 CSS Grid 布局系统，掌握现代网页布局技术</description></item></channel></rss>