<?xml version="1.0" encoding="utf-8" standalone="yes"?><rss version="2.0" xmlns:atom="http://www.w3.org/2005/Atom" xmlns:content="http://purl.org/rss/1.0/modules/content/"><channel><title>数据科学 on 技术博客 - 有条工具</title><link>/blog/categories/%E6%95%B0%E6%8D%AE%E7%A7%91%E5%AD%A6/</link><description>Recent content in 数据科学 on 技术博客 - 有条工具</description><generator>Hugo -- 0.147.7</generator><language>zh-cn</language><copyright>2024-2025 有条工具技术博客</copyright><lastBuildDate>Tue, 23 Dec 2025 12:00:00 +0800</lastBuildDate><atom:link href="/blog/categories/%E6%95%B0%E6%8D%AE%E7%A7%91%E5%AD%A6/feed.xml" rel="self" type="application/rss+xml"/><item><title>数据分析方法论：从数据到洞察的完整思维框架</title><link>/blog/articles/%E6%95%B0%E6%8D%AE%E5%88%86%E6%9E%90%E6%96%B9%E6%B3%95%E8%AE%BA%E4%BB%8E%E6%95%B0%E6%8D%AE%E5%88%B0%E6%B4%9E%E5%AF%9F%E7%9A%84%E5%AE%8C%E6%95%B4%E6%80%9D%E7%BB%B4%E6%A1%86%E6%9E%B6/</link><pubDate>Tue, 23 Dec 2025 12:00:00 +0800</pubDate><guid>/blog/articles/%E6%95%B0%E6%8D%AE%E5%88%86%E6%9E%90%E6%96%B9%E6%B3%95%E8%AE%BA%E4%BB%8E%E6%95%B0%E6%8D%AE%E5%88%B0%E6%B4%9E%E5%AF%9F%E7%9A%84%E5%AE%8C%E6%95%B4%E6%80%9D%E7%BB%B4%E6%A1%86%E6%9E%B6/</guid><description>系统讲解数据分析的核心方法论，包括数据收集、清洗、探索、建模到可视化的完整流程，帮助企业和个人建立数据驱动的决策能力。</description></item></channel></rss>