<?xml version="1.0" encoding="utf-8" standalone="yes"?><rss version="2.0" xmlns:atom="http://www.w3.org/2005/Atom" xmlns:content="http://purl.org/rss/1.0/modules/content/"><channel><title>容器部署最佳实践：从Docker到Kubernetes的完整部署指南 on 技术博客 - 有条工具</title><link>/blog/articles/%E5%AE%B9%E5%99%A8%E9%83%A8%E7%BD%B2%E6%9C%80%E4%BD%B3%E5%AE%9E%E8%B7%B5%E4%BB%8Edocker%E5%88%B0kubernetes%E7%9A%84%E5%AE%8C%E6%95%B4%E9%83%A8%E7%BD%B2%E6%8C%87%E5%8D%97/</link><description>Recent content in 容器部署最佳实践：从Docker到Kubernetes的完整部署指南 on 技术博客 - 有条工具</description><generator>Hugo -- 0.147.7</generator><language>zh-cn</language><copyright>2024-2025 有条工具技术博客</copyright><lastBuildDate/><atom:link href="/blog/articles/%E5%AE%B9%E5%99%A8%E9%83%A8%E7%BD%B2%E6%9C%80%E4%BD%B3%E5%AE%9E%E8%B7%B5%E4%BB%8Edocker%E5%88%B0kubernetes%E7%9A%84%E5%AE%8C%E6%95%B4%E9%83%A8%E7%BD%B2%E6%8C%87%E5%8D%97/feed.xml" rel="self" type="application/rss+xml"/></channel></rss>