<?xml version="1.0" encoding="utf-8" standalone="yes"?><rss version="2.0" xmlns:atom="http://www.w3.org/2005/Atom" xmlns:content="http://purl.org/rss/1.0/modules/content/"><channel><title>TypeScript on 技术博客 - 有条工具</title><link>/blog/categories/typescript/</link><description>Recent content in TypeScript on 技术博客 - 有条工具</description><generator>Hugo -- 0.147.7</generator><language>zh-cn</language><copyright>2024-2025 有条工具技术博客</copyright><lastBuildDate>Sun, 04 Jan 2026 14:00:00 +0800</lastBuildDate><atom:link href="/blog/categories/typescript/feed.xml" rel="self" type="application/rss+xml"/><item><title>TypeScript类型体操进阶：掌握高级类型系统</title><link>/blog/articles/typescript%E7%B1%BB%E5%9E%8B%E4%BD%93%E6%93%8D%E8%BF%9B%E9%98%B6%E6%8E%8C%E6%8F%A1%E9%AB%98%E7%BA%A7%E7%B1%BB%E5%9E%8B%E7%B3%BB%E7%BB%9F/</link><pubDate>Sun, 04 Jan 2026 14:00:00 +0800</pubDate><guid>/blog/articles/typescript%E7%B1%BB%E5%9E%8B%E4%BD%93%E6%93%8D%E8%BF%9B%E9%98%B6%E6%8E%8C%E6%8F%A1%E9%AB%98%E7%BA%A7%E7%B1%BB%E5%9E%8B%E7%B3%BB%E7%BB%9F/</guid><description>深入探讨TypeScript高级类型系统，包括条件类型、映射类型、模板字面量类型等高级特性，助你写出类型安全的代码</description></item><item><title>TypeScript 5.8新特性详解：类型系统进化与开发体验升级</title><link>/blog/articles/typescript-5.8%E6%96%B0%E7%89%B9%E6%80%A7%E8%AF%A6%E8%A7%A3%E7%B1%BB%E5%9E%8B%E7%B3%BB%E7%BB%9F%E8%BF%9B%E5%8C%96%E4%B8%8E%E5%BC%80%E5%8F%91%E4%BD%93%E9%AA%8C%E5%8D%87%E7%BA%A7/</link><pubDate>Wed, 24 Dec 2025 10:00:00 +0800</pubDate><guid>/blog/articles/typescript-5.8%E6%96%B0%E7%89%B9%E6%80%A7%E8%AF%A6%E8%A7%A3%E7%B1%BB%E5%9E%8B%E7%B3%BB%E7%BB%9F%E8%BF%9B%E5%8C%96%E4%B8%8E%E5%BC%80%E5%8F%91%E4%BD%93%E9%AA%8C%E5%8D%87%E7%BA%A7/</guid><description>全面解析TypeScript 5.8带来的新特性，包括装饰器标准化、类型系统增强、性能优化、以及开发者工具改进，帮助开发者掌握最新类型编程技巧。</description></item></channel></rss>