<?xml version="1.0" encoding="utf-8" standalone="yes"?><rss version="2.0" xmlns:atom="http://www.w3.org/2005/Atom" xmlns:content="http://purl.org/rss/1.0/modules/content/"><channel><title>移动开发 on 技术博客 - 有条工具</title><link>/blog/categories/%E7%A7%BB%E5%8A%A8%E5%BC%80%E5%8F%91/</link><description>Recent content in 移动开发 on 技术博客 - 有条工具</description><generator>Hugo -- 0.147.7</generator><language>zh-cn</language><copyright>2024-2025 有条工具技术博客</copyright><lastBuildDate>Tue, 30 Dec 2025 16:00:00 +0800</lastBuildDate><atom:link href="/blog/categories/%E7%A7%BB%E5%8A%A8%E5%BC%80%E5%8F%91/feed.xml" rel="self" type="application/rss+xml"/><item><title>跨平台移动开发完全指南：React Native与Flutter深度实践</title><link>/blog/articles/%E8%B7%A8%E5%B9%B3%E5%8F%B0%E7%A7%BB%E5%8A%A8%E5%BC%80%E5%8F%91%E5%AE%8C%E5%85%A8%E6%8C%87%E5%8D%97react-native%E4%B8%8Eflutter%E6%B7%B1%E5%BA%A6%E5%AE%9E%E8%B7%B5/</link><pubDate>Tue, 30 Dec 2025 16:00:00 +0800</pubDate><guid>/blog/articles/%E8%B7%A8%E5%B9%B3%E5%8F%B0%E7%A7%BB%E5%8A%A8%E5%BC%80%E5%8F%91%E5%AE%8C%E5%85%A8%E6%8C%87%E5%8D%97react-native%E4%B8%8Eflutter%E6%B7%B1%E5%BA%A6%E5%AE%9E%E8%B7%B5/</guid><description>深入探讨React Native和Flutter两大跨平台移动开发框架，涵盖架构设计、性能优化、原生模块开发、状态管理等核心主题。</description></item><item><title>移动应用营销增长黑客：从0到100万用户的实战策略</title><link>/blog/articles/mobile-app-marketing-growth/</link><pubDate>Sat, 20 Dec 2025 17:00:00 +0800</pubDate><guid>/blog/articles/mobile-app-marketing-growth/</guid><description>本文全面介绍移动应用营销的实战技巧，包括ASO优化、渠道投放、病毒传播、用户运营等关键环节。</description></item><item><title>Flutter高级动画完全指南：打造电影级流畅体验的终极秘籍</title><link>/blog/articles/flutter-advanced-animations/</link><pubDate>Sat, 20 Dec 2025 15:00:00 +0800</pubDate><guid>/blog/articles/flutter-advanced-animations/</guid><description>本文全面介绍Flutter动画的高级技巧，包括复杂动画编排、性能优化、物理动画、手势驱动等核心技术。</description></item><item><title>React Native性能优化实战：打造60FPS流畅体验的终极指南</title><link>/blog/articles/react-native-performance-optimization/</link><pubDate>Sat, 20 Dec 2025 14:00:00 +0800</pubDate><guid>/blog/articles/react-native-performance-optimization/</guid><description>本文全面介绍React Native应用的性能优化技巧，包括渲染优化、内存管理、启动速度、网络请求等关键环节。</description></item><item><title>小程序开发完全指南：从零到上线的高级技巧</title><link>/blog/articles/mini-program-development-best-practices/</link><pubDate>Sat, 20 Dec 2025 11:00:00 +0800</pubDate><guid>/blog/articles/mini-program-development-best-practices/</guid><description>本文详细介绍小程序开发的完整流程，涵盖架构设计、性能优化、用户增长、商业化等关键环节。</description></item><item><title>跨平台移动应用开发：React Native vs Flutter vs Uni-app 深度对比</title><link>/blog/articles/cross-platform-mobile-app-development/</link><pubDate>Sat, 20 Dec 2025 10:00:00 +0800</pubDate><guid>/blog/articles/cross-platform-mobile-app-development/</guid><description>本文全面对比React Native、Flutter和Uni-app三大跨平台框架，从性能、开发效率、生态等多个维度进行分析，并提供选型建议。</description></item></channel></rss>