<?xml version="1.0" encoding="utf-8" standalone="yes"?><rss version="2.0" xmlns:atom="http://www.w3.org/2005/Atom" xmlns:content="http://purl.org/rss/1.0/modules/content/"><channel><title>生产力 on 技术博客 - 有条工具</title><link>/blog/categories/%E7%94%9F%E4%BA%A7%E5%8A%9B/</link><description>Recent content in 生产力 on 技术博客 - 有条工具</description><generator>Hugo -- 0.147.7</generator><language>zh-cn</language><copyright>2024-2025 有条工具技术博客</copyright><lastBuildDate>Tue, 30 Dec 2025 19:00:00 +0800</lastBuildDate><atom:link href="/blog/categories/%E7%94%9F%E4%BA%A7%E5%8A%9B/feed.xml" rel="self" type="application/rss+xml"/><item><title>开发者工具完全指南：提升编程效率的实用工具集</title><link>/blog/articles/%E5%BC%80%E5%8F%91%E8%80%85%E5%B7%A5%E5%85%B7%E5%AE%8C%E5%85%A8%E6%8C%87%E5%8D%97%E6%8F%90%E5%8D%87%E7%BC%96%E7%A8%8B%E6%95%88%E7%8E%87%E7%9A%84%E5%AE%9E%E7%94%A8%E5%B7%A5%E5%85%B7%E9%9B%86/</link><pubDate>Tue, 30 Dec 2025 19:00:00 +0800</pubDate><guid>/blog/articles/%E5%BC%80%E5%8F%91%E8%80%85%E5%B7%A5%E5%85%B7%E5%AE%8C%E5%85%A8%E6%8C%87%E5%8D%97%E6%8F%90%E5%8D%87%E7%BC%96%E7%A8%8B%E6%95%88%E7%8E%87%E7%9A%84%E5%AE%9E%E7%94%A8%E5%B7%A5%E5%85%B7%E9%9B%86/</guid><description>全面介绍开发者必备工具，涵盖代码编辑器、调试工具、版本控制、API测试等，帮助开发者大幅提升工作效率。</description></item></channel></rss>