<?xml version="1.0" encoding="utf-8" standalone="yes"?><rss version="2.0" xmlns:atom="http://www.w3.org/2005/Atom" xmlns:content="http://purl.org/rss/1.0/modules/content/"><channel><title>技术栈 on 技术博客 - 有条工具</title><link>/blog/categories/%E6%8A%80%E6%9C%AF%E6%A0%88/</link><description>Recent content in 技术栈 on 技术博客 - 有条工具</description><generator>Hugo -- 0.147.7</generator><language>zh-cn</language><copyright>2024-2025 有条工具技术博客</copyright><lastBuildDate>Mon, 05 Jan 2026 00:00:00 +0000</lastBuildDate><atom:link href="/blog/categories/%E6%8A%80%E6%9C%AF%E6%A0%88/feed.xml" rel="self" type="application/rss+xml"/><item><title>微服务架构拆分实践与反思：从单体到分布式的演进之路</title><link>/blog/articles/%E5%BE%AE%E6%9C%8D%E5%8A%A1%E6%9E%B6%E6%9E%84%E6%8B%86%E5%88%86%E5%AE%9E%E8%B7%B5%E4%B8%8E%E5%8F%8D%E6%80%9D%E4%BB%8E%E5%8D%95%E4%BD%93%E5%88%B0%E5%88%86%E5%B8%83%E5%BC%8F%E7%9A%84%E6%BC%94%E8%BF%9B%E4%B9%8B%E8%B7%AF/</link><pubDate>Mon, 05 Jan 2026 00:00:00 +0000</pubDate><guid>/blog/articles/%E5%BE%AE%E6%9C%8D%E5%8A%A1%E6%9E%B6%E6%9E%84%E6%8B%86%E5%88%86%E5%AE%9E%E8%B7%B5%E4%B8%8E%E5%8F%8D%E6%80%9D%E4%BB%8E%E5%8D%95%E4%BD%93%E5%88%B0%E5%88%86%E5%B8%83%E5%BC%8F%E7%9A%84%E6%BC%94%E8%BF%9B%E4%B9%8B%E8%B7%AF/</guid><description>深入探讨微服务架构拆分的实践方法、常见陷阱以及如何避免过度设计，基于真实项目的经验总结</description></item></channel></rss>