<?xml version="1.0" encoding="utf-8" standalone="yes"?><rss version="2.0" xmlns:atom="http://www.w3.org/2005/Atom" xmlns:content="http://purl.org/rss/1.0/modules/content/"><channel><title>用户体验设计原则：打造让用户爱不释手的产品 on 技术博客 - 有条工具</title><link>/blog/articles/%E7%94%A8%E6%88%B7%E4%BD%93%E9%AA%8C%E8%AE%BE%E8%AE%A1%E5%8E%9F%E5%88%99%E6%89%93%E9%80%A0%E8%AE%A9%E7%94%A8%E6%88%B7%E7%88%B1%E4%B8%8D%E9%87%8A%E6%89%8B%E7%9A%84%E4%BA%A7%E5%93%81/</link><description>Recent content in 用户体验设计原则：打造让用户爱不释手的产品 on 技术博客 - 有条工具</description><generator>Hugo -- 0.147.7</generator><language>zh-cn</language><copyright>2024-2025 有条工具技术博客</copyright><lastBuildDate/><atom:link href="/blog/articles/%E7%94%A8%E6%88%B7%E4%BD%93%E9%AA%8C%E8%AE%BE%E8%AE%A1%E5%8E%9F%E5%88%99%E6%89%93%E9%80%A0%E8%AE%A9%E7%94%A8%E6%88%B7%E7%88%B1%E4%B8%8D%E9%87%8A%E6%89%8B%E7%9A%84%E4%BA%A7%E5%93%81/feed.xml" rel="self" type="application/rss+xml"/></channel></rss>