<?xml version="1.0" encoding="utf-8" standalone="yes"?><rss version="2.0" xmlns:atom="http://www.w3.org/2005/Atom" xmlns:content="http://purl.org/rss/1.0/modules/content/"><channel><title>ROI分析 on 技术博客 - 有条工具</title><link>/blog/categories/roi%E5%88%86%E6%9E%90/</link><description>Recent content in ROI分析 on 技术博客 - 有条工具</description><generator>Hugo -- 0.147.7</generator><language>zh-cn</language><copyright>2024-2025 有条工具技术博客</copyright><lastBuildDate>Tue, 23 Dec 2025 18:00:00 +0800</lastBuildDate><atom:link href="/blog/categories/roi%E5%88%86%E6%9E%90/feed.xml" rel="self" type="application/rss+xml"/><item><title>营销归因与ROI分析：科学衡量每一分营销投入</title><link>/blog/articles/%E8%90%A5%E9%94%80%E5%BD%92%E5%9B%A0%E4%B8%8Eroi%E5%88%86%E6%9E%90%E7%A7%91%E5%AD%A6%E8%A1%A1%E9%87%8F%E6%AF%8F%E4%B8%80%E5%88%86%E8%90%A5%E9%94%80%E6%8A%95%E5%85%A5/</link><pubDate>Tue, 23 Dec 2025 18:00:00 +0800</pubDate><guid>/blog/articles/%E8%90%A5%E9%94%80%E5%BD%92%E5%9B%A0%E4%B8%8Eroi%E5%88%86%E6%9E%90%E7%A7%91%E5%AD%A6%E8%A1%A1%E9%87%8F%E6%AF%8F%E4%B8%80%E5%88%86%E8%90%A5%E9%94%80%E6%8A%95%E5%85%A5/</guid><description>全面解析营销归因模型和ROI分析方法，从多触点归因、LTV计算到预算优化，帮助企业科学评估营销效果，优化投入产出比。</description></item></channel></rss>