<?xml version="1.0" encoding="utf-8" standalone="yes"?><rss version="2.0" xmlns:atom="http://www.w3.org/2005/Atom" xmlns:content="http://purl.org/rss/1.0/modules/content/"><channel><title>前端监控与错误追踪实战指南 on 技术博客 - 有条工具</title><link>/blog/articles/%E5%89%8D%E7%AB%AF%E7%9B%91%E6%8E%A7%E4%B8%8E%E9%94%99%E8%AF%AF%E8%BF%BD%E8%B8%AA%E5%AE%9E%E6%88%98%E6%8C%87%E5%8D%97/</link><description>Recent content in 前端监控与错误追踪实战指南 on 技术博客 - 有条工具</description><generator>Hugo -- 0.147.7</generator><language>zh-cn</language><copyright>2024-2025 有条工具技术博客</copyright><lastBuildDate/><atom:link href="/blog/articles/%E5%89%8D%E7%AB%AF%E7%9B%91%E6%8E%A7%E4%B8%8E%E9%94%99%E8%AF%AF%E8%BF%BD%E8%B8%AA%E5%AE%9E%E6%88%98%E6%8C%87%E5%8D%97/feed.xml" rel="self" type="application/rss+xml"/></channel></rss>