<?xml version="1.0" encoding="utf-8" standalone="yes"?><rss version="2.0" xmlns:atom="http://www.w3.org/2005/Atom" xmlns:content="http://purl.org/rss/1.0/modules/content/"><channel><title>技术趋势 on 技术博客 - 有条工具</title><link>/blog/categories/%E6%8A%80%E6%9C%AF%E8%B6%8B%E5%8A%BF/</link><description>Recent content in 技术趋势 on 技术博客 - 有条工具</description><generator>Hugo -- 0.147.7</generator><language>zh-cn</language><copyright>2024-2025 有条工具技术博客</copyright><lastBuildDate>Wed, 31 Dec 2025 08:00:00 +0800</lastBuildDate><atom:link href="/blog/categories/%E6%8A%80%E6%9C%AF%E8%B6%8B%E5%8A%BF/feed.xml" rel="self" type="application/rss+xml"/><item><title>2025技术浪潮回顾与2026趋势前瞻：开发者必知的变革方向</title><link>/blog/articles/2025%E6%8A%80%E6%9C%AF%E6%B5%AA%E6%BD%AE%E5%9B%9E%E9%A1%BE%E4%B8%8E2026%E8%B6%8B%E5%8A%BF%E5%89%8D%E7%9E%BB%E5%BC%80%E5%8F%91%E8%80%85%E5%BF%85%E7%9F%A5%E7%9A%84%E5%8F%98%E9%9D%A9%E6%96%B9%E5%90%91/</link><pubDate>Wed, 31 Dec 2025 08:00:00 +0800</pubDate><guid>/blog/articles/2025%E6%8A%80%E6%9C%AF%E6%B5%AA%E6%BD%AE%E5%9B%9E%E9%A1%BE%E4%B8%8E2026%E8%B6%8B%E5%8A%BF%E5%89%8D%E7%9E%BB%E5%BC%80%E5%8F%91%E8%80%85%E5%BF%85%E7%9F%A5%E7%9A%84%E5%8F%98%E9%9D%A9%E6%96%B9%E5%90%91/</guid><description>深度回顾2025年技术生态的重大突破，预测2026年技术发展趋势，为开发者提供技能演进指南和战略决策参考。</description></item></channel></rss>