<?xml version="1.0" encoding="utf-8" standalone="yes"?><rss version="2.0" xmlns:atom="http://www.w3.org/2005/Atom" xmlns:content="http://purl.org/rss/1.0/modules/content/"><channel><title>事件驱动架构：构建松耦合、高扩展系统的核心范式 on 技术博客 - 有条工具</title><link>/blog/articles/%E4%BA%8B%E4%BB%B6%E9%A9%B1%E5%8A%A8%E6%9E%B6%E6%9E%84%E6%9E%84%E5%BB%BA%E6%9D%BE%E8%80%A6%E5%90%88%E9%AB%98%E6%89%A9%E5%B1%95%E7%B3%BB%E7%BB%9F%E7%9A%84%E6%A0%B8%E5%BF%83%E8%8C%83%E5%BC%8F/</link><description>Recent content in 事件驱动架构：构建松耦合、高扩展系统的核心范式 on 技术博客 - 有条工具</description><generator>Hugo -- 0.147.7</generator><language>zh-cn</language><copyright>2024-2025 有条工具技术博客</copyright><lastBuildDate/><atom:link href="/blog/articles/%E4%BA%8B%E4%BB%B6%E9%A9%B1%E5%8A%A8%E6%9E%B6%E6%9E%84%E6%9E%84%E5%BB%BA%E6%9D%BE%E8%80%A6%E5%90%88%E9%AB%98%E6%89%A9%E5%B1%95%E7%B3%BB%E7%BB%9F%E7%9A%84%E6%A0%B8%E5%BF%83%E8%8C%83%E5%BC%8F/feed.xml" rel="self" type="application/rss+xml"/></channel></rss>