<?xml version="1.0" encoding="utf-8" standalone="yes"?><rss version="2.0" xmlns:atom="http://www.w3.org/2005/Atom" xmlns:content="http://purl.org/rss/1.0/modules/content/"><channel><title>API安全防护与鉴权机制：构建安全可靠的RESTful API on 技术博客 - 有条工具</title><link>/blog/articles/api%E5%AE%89%E5%85%A8%E9%98%B2%E6%8A%A4%E4%B8%8E%E9%89%B4%E6%9D%83%E6%9C%BA%E5%88%B6%E6%9E%84%E5%BB%BA%E5%AE%89%E5%85%A8%E5%8F%AF%E9%9D%A0%E7%9A%84restful-api/</link><description>Recent content in API安全防护与鉴权机制：构建安全可靠的RESTful API on 技术博客 - 有条工具</description><generator>Hugo -- 0.147.7</generator><language>zh-cn</language><copyright>2024-2025 有条工具技术博客</copyright><lastBuildDate/><atom:link href="/blog/articles/api%E5%AE%89%E5%85%A8%E9%98%B2%E6%8A%A4%E4%B8%8E%E9%89%B4%E6%9D%83%E6%9C%BA%E5%88%B6%E6%9E%84%E5%BB%BA%E5%AE%89%E5%85%A8%E5%8F%AF%E9%9D%A0%E7%9A%84restful-api/feed.xml" rel="self" type="application/rss+xml"/></channel></rss>