<?xml version="1.0" encoding="utf-8" standalone="yes"?><rss version="2.0" xmlns:atom="http://www.w3.org/2005/Atom" xmlns:content="http://purl.org/rss/1.0/modules/content/"><channel><title>技术营销增长实战：如何用数据驱动实现10倍用户增长 on 技术博客 - 有条工具</title><link>/blog/articles/%E6%8A%80%E6%9C%AF%E8%90%A5%E9%94%80%E5%A2%9E%E9%95%BF%E5%AE%9E%E6%88%98%E5%A6%82%E4%BD%95%E7%94%A8%E6%95%B0%E6%8D%AE%E9%A9%B1%E5%8A%A8%E5%AE%9E%E7%8E%B010%E5%80%8D%E7%94%A8%E6%88%B7%E5%A2%9E%E9%95%BF/</link><description>Recent content in 技术营销增长实战：如何用数据驱动实现10倍用户增长 on 技术博客 - 有条工具</description><generator>Hugo -- 0.147.7</generator><language>zh-cn</language><copyright>2024-2025 有条工具技术博客</copyright><lastBuildDate/><atom:link href="/blog/articles/%E6%8A%80%E6%9C%AF%E8%90%A5%E9%94%80%E5%A2%9E%E9%95%BF%E5%AE%9E%E6%88%98%E5%A6%82%E4%BD%95%E7%94%A8%E6%95%B0%E6%8D%AE%E9%A9%B1%E5%8A%A8%E5%AE%9E%E7%8E%B010%E5%80%8D%E7%94%A8%E6%88%B7%E5%A2%9E%E9%95%BF/feed.xml" rel="self" type="application/rss+xml"/></channel></rss>