<?xml version="1.0" encoding="utf-8" standalone="yes"?><rss version="2.0" xmlns:atom="http://www.w3.org/2005/Atom" xmlns:content="http://purl.org/rss/1.0/modules/content/"><channel><title>Serverless on 技术博客 - 有条工具</title><link>/blog/categories/serverless/</link><description>Recent content in Serverless on 技术博客 - 有条工具</description><generator>Hugo -- 0.147.7</generator><language>zh-cn</language><copyright>2024-2025 有条工具技术博客</copyright><lastBuildDate>Wed, 31 Dec 2025 14:00:00 +0800</lastBuildDate><atom:link href="/blog/categories/serverless/feed.xml" rel="self" type="application/rss+xml"/><item><title>Serverless 2.0：从函数计算到无运维的演进之路</title><link>/blog/articles/serverless-2.0%E4%BB%8E%E5%87%BD%E6%95%B0%E8%AE%A1%E7%AE%97%E5%88%B0%E6%97%A0%E8%BF%90%E7%BB%B4%E7%9A%84%E6%BC%94%E8%BF%9B%E4%B9%8B%E8%B7%AF/</link><pubDate>Wed, 31 Dec 2025 14:00:00 +0800</pubDate><guid>/blog/articles/serverless-2.0%E4%BB%8E%E5%87%BD%E6%95%B0%E8%AE%A1%E7%AE%97%E5%88%B0%E6%97%A0%E8%BF%90%E7%BB%B4%E7%9A%84%E6%BC%94%E8%BF%9B%E4%B9%8B%E8%B7%AF/</guid><description>探讨Serverless架构的演进，包括容器化Serverless、长运行任务、状态管理等2025年最新发展和2026年趋势。</description></item></channel></rss>