<?xml version="1.0" encoding="utf-8" standalone="yes"?><rss version="2.0" xmlns:atom="http://www.w3.org/2005/Atom" xmlns:content="http://purl.org/rss/1.0/modules/content/"><channel><title>后端性能优化实战：从诊断到优化的完整方法论 on 技术博客 - 有条工具</title><link>/blog/articles/%E5%90%8E%E7%AB%AF%E6%80%A7%E8%83%BD%E4%BC%98%E5%8C%96%E5%AE%9E%E6%88%98%E4%BB%8E%E8%AF%8A%E6%96%AD%E5%88%B0%E4%BC%98%E5%8C%96%E7%9A%84%E5%AE%8C%E6%95%B4%E6%96%B9%E6%B3%95%E8%AE%BA/</link><description>Recent content in 后端性能优化实战：从诊断到优化的完整方法论 on 技术博客 - 有条工具</description><generator>Hugo -- 0.147.7</generator><language>zh-cn</language><copyright>2024-2025 有条工具技术博客</copyright><lastBuildDate/><atom:link href="/blog/articles/%E5%90%8E%E7%AB%AF%E6%80%A7%E8%83%BD%E4%BC%98%E5%8C%96%E5%AE%9E%E6%88%98%E4%BB%8E%E8%AF%8A%E6%96%AD%E5%88%B0%E4%BC%98%E5%8C%96%E7%9A%84%E5%AE%8C%E6%95%B4%E6%96%B9%E6%B3%95%E8%AE%BA/feed.xml" rel="self" type="application/rss+xml"/></channel></rss>