<?xml version="1.0" encoding="utf-8" standalone="yes"?><rss version="2.0" xmlns:atom="http://www.w3.org/2005/Atom" xmlns:content="http://purl.org/rss/1.0/modules/content/"><channel><title>Node.js安全最佳实践：构建安全可靠的服务端应用 on 技术博客 - 有条工具</title><link>/blog/articles/node-security-best-practices/</link><description>Recent content in Node.js安全最佳实践：构建安全可靠的服务端应用 on 技术博客 - 有条工具</description><generator>Hugo -- 0.147.7</generator><language>zh-cn</language><copyright>2024-2025 有条工具技术博客</copyright><lastBuildDate/><atom:link href="/blog/articles/node-security-best-practices/feed.xml" rel="self" type="application/rss+xml"/></channel></rss>