<?xml version="1.0" encoding="utf-8" standalone="yes"?><rss version="2.0" xmlns:atom="http://www.w3.org/2005/Atom" xmlns:content="http://purl.org/rss/1.0/modules/content/"><channel><title>Web可访问性设计实践：构建人人可用的数字产品 on 技术博客 - 有条工具</title><link>/blog/articles/web%E5%8F%AF%E8%AE%BF%E9%97%AE%E6%80%A7%E8%AE%BE%E8%AE%A1%E5%AE%9E%E8%B7%B5%E6%9E%84%E5%BB%BA%E4%BA%BA%E4%BA%BA%E5%8F%AF%E7%94%A8%E7%9A%84%E6%95%B0%E5%AD%97%E4%BA%A7%E5%93%81/</link><description>Recent content in Web可访问性设计实践：构建人人可用的数字产品 on 技术博客 - 有条工具</description><generator>Hugo -- 0.147.7</generator><language>zh-cn</language><copyright>2024-2025 有条工具技术博客</copyright><lastBuildDate/><atom:link href="/blog/articles/web%E5%8F%AF%E8%AE%BF%E9%97%AE%E6%80%A7%E8%AE%BE%E8%AE%A1%E5%AE%9E%E8%B7%B5%E6%9E%84%E5%BB%BA%E4%BA%BA%E4%BA%BA%E5%8F%AF%E7%94%A8%E7%9A%84%E6%95%B0%E5%AD%97%E4%BA%A7%E5%93%81/feed.xml" rel="self" type="application/rss+xml"/></channel></rss>