<?xml version="1.0" encoding="utf-8" standalone="yes"?><rss version="2.0" xmlns:atom="http://www.w3.org/2005/Atom" xmlns:content="http://purl.org/rss/1.0/modules/content/"><channel><title>前端安全防护最佳实践：构建安全的Web应用 on 技术博客 - 有条工具</title><link>/blog/articles/%E5%89%8D%E7%AB%AF%E5%AE%89%E5%85%A8%E9%98%B2%E6%8A%A4%E6%9C%80%E4%BD%B3%E5%AE%9E%E8%B7%B5%E6%9E%84%E5%BB%BA%E5%AE%89%E5%85%A8%E7%9A%84web%E5%BA%94%E7%94%A8/</link><description>Recent content in 前端安全防护最佳实践：构建安全的Web应用 on 技术博客 - 有条工具</description><generator>Hugo -- 0.147.7</generator><language>zh-cn</language><copyright>2024-2025 有条工具技术博客</copyright><lastBuildDate/><atom:link href="/blog/articles/%E5%89%8D%E7%AB%AF%E5%AE%89%E5%85%A8%E9%98%B2%E6%8A%A4%E6%9C%80%E4%BD%B3%E5%AE%9E%E8%B7%B5%E6%9E%84%E5%BB%BA%E5%AE%89%E5%85%A8%E7%9A%84web%E5%BA%94%E7%94%A8/feed.xml" rel="self" type="application/rss+xml"/></channel></rss>