<?xml version="1.0" encoding="utf-8" standalone="yes"?><rss version="2.0" xmlns:atom="http://www.w3.org/2005/Atom" xmlns:content="http://purl.org/rss/1.0/modules/content/"><channel><title>架构设计 on 技术博客 - 有条工具</title><link>/blog/categories/%E6%9E%B6%E6%9E%84%E8%AE%BE%E8%AE%A1/</link><description>Recent content in 架构设计 on 技术博客 - 有条工具</description><generator>Hugo -- 0.147.7</generator><language>zh-cn</language><copyright>2024-2025 有条工具技术博客</copyright><lastBuildDate>Mon, 05 Jan 2026 00:00:00 +0000</lastBuildDate><atom:link href="/blog/categories/%E6%9E%B6%E6%9E%84%E8%AE%BE%E8%AE%A1/feed.xml" rel="self" type="application/rss+xml"/><item><title>大规模微服务系统的服务治理实战：从服务发现到流量控制的完整体系</title><link>/blog/articles/%E5%A4%A7%E8%A7%84%E6%A8%A1%E5%BE%AE%E6%9C%8D%E5%8A%A1%E7%B3%BB%E7%BB%9F%E7%9A%84%E6%9C%8D%E5%8A%A1%E6%B2%BB%E7%90%86%E5%AE%9E%E6%88%98%E4%BB%8E%E6%9C%8D%E5%8A%A1%E5%8F%91%E7%8E%B0%E5%88%B0%E6%B5%81%E9%87%8F%E6%8E%A7%E5%88%B6%E7%9A%84%E5%AE%8C%E6%95%B4%E4%BD%93%E7%B3%BB/</link><pubDate>Mon, 05 Jan 2026 00:00:00 +0000</pubDate><guid>/blog/articles/%E5%A4%A7%E8%A7%84%E6%A8%A1%E5%BE%AE%E6%9C%8D%E5%8A%A1%E7%B3%BB%E7%BB%9F%E7%9A%84%E6%9C%8D%E5%8A%A1%E6%B2%BB%E7%90%86%E5%AE%9E%E6%88%98%E4%BB%8E%E6%9C%8D%E5%8A%A1%E5%8F%91%E7%8E%B0%E5%88%B0%E6%B5%81%E9%87%8F%E6%8E%A7%E5%88%B6%E7%9A%84%E5%AE%8C%E6%95%B4%E4%BD%93%E7%B3%BB/</guid><description>深入探讨微服务治理的核心组件：服务发现、负载均衡、熔断降级、限流、灰度发布，以及如何在生产环境中落地 Istio Service Mesh</description></item><item><title>分布式系统一致性保障方案设计：从理论到落地的完整指南</title><link>/blog/articles/%E5%88%86%E5%B8%83%E5%BC%8F%E7%B3%BB%E7%BB%9F%E4%B8%80%E8%87%B4%E6%80%A7%E4%BF%9D%E9%9A%9C%E6%96%B9%E6%A1%88%E8%AE%BE%E8%AE%A1%E4%BB%8E%E7%90%86%E8%AE%BA%E5%88%B0%E8%90%BD%E5%9C%B0%E7%9A%84%E5%AE%8C%E6%95%B4%E6%8C%87%E5%8D%97/</link><pubDate>Mon, 05 Jan 2026 00:00:00 +0000</pubDate><guid>/blog/articles/%E5%88%86%E5%B8%83%E5%BC%8F%E7%B3%BB%E7%BB%9F%E4%B8%80%E8%87%B4%E6%80%A7%E4%BF%9D%E9%9A%9C%E6%96%B9%E6%A1%88%E8%AE%BE%E8%AE%A1%E4%BB%8E%E7%90%86%E8%AE%BA%E5%88%B0%E8%90%BD%E5%9C%B0%E7%9A%84%E5%AE%8C%E6%95%B4%E6%8C%87%E5%8D%97/</guid><description>深入分析分布式系统中的一致性问题，对比 CAP 理论的实践取舍，介绍 Saga、TCC、2PC/3PC、本地消息表等主流方案的实现细节与适用场景</description></item><item><title>高并发场景下的缓存架构演进：从单一 Redis 到多层缓存的实战之路</title><link>/blog/articles/%E9%AB%98%E5%B9%B6%E5%8F%91%E5%9C%BA%E6%99%AF%E4%B8%8B%E7%9A%84%E7%BC%93%E5%AD%98%E6%9E%B6%E6%9E%84%E6%BC%94%E8%BF%9B%E4%BB%8E%E5%8D%95%E4%B8%80-redis-%E5%88%B0%E5%A4%9A%E5%B1%82%E7%BC%93%E5%AD%98%E7%9A%84%E5%AE%9E%E6%88%98%E4%B9%8B%E8%B7%AF/</link><pubDate>Mon, 05 Jan 2026 00:00:00 +0000</pubDate><guid>/blog/articles/%E9%AB%98%E5%B9%B6%E5%8F%91%E5%9C%BA%E6%99%AF%E4%B8%8B%E7%9A%84%E7%BC%93%E5%AD%98%E6%9E%B6%E6%9E%84%E6%BC%94%E8%BF%9B%E4%BB%8E%E5%8D%95%E4%B8%80-redis-%E5%88%B0%E5%A4%9A%E5%B1%82%E7%BC%93%E5%AD%98%E7%9A%84%E5%AE%9E%E6%88%98%E4%B9%8B%E8%B7%AF/</guid><description>深入剖析高并发系统中缓存架构的演进路径，详细介绍本地缓存、分布式缓存、多级缓存、缓存预热、缓存雪崩/击穿/穿透的解决方案</description></item><item><title>容器化应用的可观测性架构设计：Metrics、Tracing、Logging 的完整实践</title><link>/blog/articles/%E5%AE%B9%E5%99%A8%E5%8C%96%E5%BA%94%E7%94%A8%E7%9A%84%E5%8F%AF%E8%A7%82%E6%B5%8B%E6%80%A7%E6%9E%B6%E6%9E%84%E8%AE%BE%E8%AE%A1metricstracinglogging-%E7%9A%84%E5%AE%8C%E6%95%B4%E5%AE%9E%E8%B7%B5/</link><pubDate>Mon, 05 Jan 2026 00:00:00 +0000</pubDate><guid>/blog/articles/%E5%AE%B9%E5%99%A8%E5%8C%96%E5%BA%94%E7%94%A8%E7%9A%84%E5%8F%AF%E8%A7%82%E6%B5%8B%E6%80%A7%E6%9E%B6%E6%9E%84%E8%AE%BE%E8%AE%A1metricstracinglogging-%E7%9A%84%E5%AE%8C%E6%95%B4%E5%AE%9E%E8%B7%B5/</guid><description>深入探讨云原生时代的可观测性体系，详细介绍 Prometheus + Grafana + Jaeger + Loki 的组合使用，以及如何在 Kubernetes 环境下构建完整的监控体系</description></item><item><title>数据库分库分表架构设计指南：从单表到百亿级数据的演进之路</title><link>/blog/articles/%E6%95%B0%E6%8D%AE%E5%BA%93%E5%88%86%E5%BA%93%E5%88%86%E8%A1%A8%E6%9E%B6%E6%9E%84%E8%AE%BE%E8%AE%A1%E6%8C%87%E5%8D%97%E4%BB%8E%E5%8D%95%E8%A1%A8%E5%88%B0%E7%99%BE%E4%BA%BF%E7%BA%A7%E6%95%B0%E6%8D%AE%E7%9A%84%E6%BC%94%E8%BF%9B%E4%B9%8B%E8%B7%AF/</link><pubDate>Mon, 05 Jan 2026 00:00:00 +0000</pubDate><guid>/blog/articles/%E6%95%B0%E6%8D%AE%E5%BA%93%E5%88%86%E5%BA%93%E5%88%86%E8%A1%A8%E6%9E%B6%E6%9E%84%E8%AE%BE%E8%AE%A1%E6%8C%87%E5%8D%97%E4%BB%8E%E5%8D%95%E8%A1%A8%E5%88%B0%E7%99%BE%E4%BA%BF%E7%BA%A7%E6%95%B0%E6%8D%AE%E7%9A%84%E6%BC%94%E8%BF%9B%E4%B9%8B%E8%B7%AF/</guid><description>深入剖析数据库水平拆分的完整方案，详细介绍分库分表的路由策略、数据迁移、扩容方案，以及 ShardingSphere、Vitess 等中间件的实战应用</description></item><item><title>消息队列技术选型与深度对比：Kafka vs RabbitMQ vs RocketMQ vs Pulsar</title><link>/blog/articles/%E6%B6%88%E6%81%AF%E9%98%9F%E5%88%97%E6%8A%80%E6%9C%AF%E9%80%89%E5%9E%8B%E4%B8%8E%E6%B7%B1%E5%BA%A6%E5%AF%B9%E6%AF%94kafka-vs-rabbitmq-vs-rocketmq-vs-pulsar/</link><pubDate>Mon, 05 Jan 2026 00:00:00 +0000</pubDate><guid>/blog/articles/%E6%B6%88%E6%81%AF%E9%98%9F%E5%88%97%E6%8A%80%E6%9C%AF%E9%80%89%E5%9E%8B%E4%B8%8E%E6%B7%B1%E5%BA%A6%E5%AF%B9%E6%AF%94kafka-vs-rabbitmq-vs-rocketmq-vs-pulsar/</guid><description>深入对比主流消息队列的架构设计、性能特性、适用场景，以及如何根据业务需求选择合适的消息中间件</description></item><item><title>技术债务管理2.0：从负担到战略资产的重构思维</title><link>/blog/articles/%E6%8A%80%E6%9C%AF%E5%80%BA%E5%8A%A1%E7%AE%A1%E7%90%862.0%E4%BB%8E%E8%B4%9F%E6%8B%85%E5%88%B0%E6%88%98%E7%95%A5%E8%B5%84%E4%BA%A7%E7%9A%84%E9%87%8D%E6%9E%84%E6%80%9D%E7%BB%B4/</link><pubDate>Wed, 31 Dec 2025 17:00:00 +0800</pubDate><guid>/blog/articles/%E6%8A%80%E6%9C%AF%E5%80%BA%E5%8A%A1%E7%AE%A1%E7%90%862.0%E4%BB%8E%E8%B4%9F%E6%8B%85%E5%88%B0%E6%88%98%E7%95%A5%E8%B5%84%E4%BA%A7%E7%9A%84%E9%87%8D%E6%9E%84%E6%80%9D%E7%BB%B4/</guid><description>重新定义技术债务，探讨量化评估方法、偿还策略，以及如何将重构转化为技术投资。</description></item><item><title>零信任架构从理论到实践：构建永不信任、始终验证的安全体系</title><link>/blog/articles/%E9%9B%B6%E4%BF%A1%E4%BB%BB%E6%9E%B6%E6%9E%84%E4%BB%8E%E7%90%86%E8%AE%BA%E5%88%B0%E5%AE%9E%E8%B7%B5%E6%9E%84%E5%BB%BA%E6%B0%B8%E4%B8%8D%E4%BF%A1%E4%BB%BB%E5%A7%8B%E7%BB%88%E9%AA%8C%E8%AF%81%E7%9A%84%E5%AE%89%E5%85%A8%E4%BD%93%E7%B3%BB/</link><pubDate>Wed, 31 Dec 2025 12:00:00 +0800</pubDate><guid>/blog/articles/%E9%9B%B6%E4%BF%A1%E4%BB%BB%E6%9E%B6%E6%9E%84%E4%BB%8E%E7%90%86%E8%AE%BA%E5%88%B0%E5%AE%9E%E8%B7%B5%E6%9E%84%E5%BB%BA%E6%B0%B8%E4%B8%8D%E4%BF%A1%E4%BB%BB%E5%A7%8B%E7%BB%88%E9%AA%8C%E8%AF%81%E7%9A%84%E5%AE%89%E5%85%A8%E4%BD%93%E7%B3%BB/</guid><description>深入探讨零信任安全架构的核心原则、技术实现和部署策略，帮助组织构建适应现代威胁环境的安全体系。</description></item><item><title>后端系统架构设计：从单体到微服务的演进之路</title><link>/blog/articles/%E5%90%8E%E7%AB%AF%E7%B3%BB%E7%BB%9F%E6%9E%B6%E6%9E%84%E8%AE%BE%E8%AE%A1%E4%BB%8E%E5%8D%95%E4%BD%93%E5%88%B0%E5%BE%AE%E6%9C%8D%E5%8A%A1%E7%9A%84%E6%BC%94%E8%BF%9B%E4%B9%8B%E8%B7%AF/</link><pubDate>Tue, 30 Dec 2025 11:00:00 +0800</pubDate><guid>/blog/articles/%E5%90%8E%E7%AB%AF%E7%B3%BB%E7%BB%9F%E6%9E%B6%E6%9E%84%E8%AE%BE%E8%AE%A1%E4%BB%8E%E5%8D%95%E4%BD%93%E5%88%B0%E5%BE%AE%E6%9C%8D%E5%8A%A1%E7%9A%84%E6%BC%94%E8%BF%9B%E4%B9%8B%E8%B7%AF/</guid><description>深入探讨后端系统架构设计，涵盖单体架构、微服务架构、分布式系统、服务治理、容错设计等核心主题，帮助工程师构建高可用、可扩展的后端系统。</description></item><item><title>现代前端架构深度解析：构建可扩展的大型应用</title><link>/blog/articles/%E7%8E%B0%E4%BB%A3%E5%89%8D%E7%AB%AF%E6%9E%B6%E6%9E%84%E6%B7%B1%E5%BA%A6%E8%A7%A3%E6%9E%90%E6%9E%84%E5%BB%BA%E5%8F%AF%E6%89%A9%E5%B1%95%E7%9A%84%E5%A4%A7%E5%9E%8B%E5%BA%94%E7%94%A8/</link><pubDate>Tue, 30 Dec 2025 10:00:00 +0800</pubDate><guid>/blog/articles/%E7%8E%B0%E4%BB%A3%E5%89%8D%E7%AB%AF%E6%9E%B6%E6%9E%84%E6%B7%B1%E5%BA%A6%E8%A7%A3%E6%9E%90%E6%9E%84%E5%BB%BA%E5%8F%AF%E6%89%A9%E5%B1%95%E7%9A%84%E5%A4%A7%E5%9E%8B%E5%BA%94%E7%94%A8/</guid><description>深入探讨现代前端架构设计，包括微前端、模块联邦、状态管理、性能优化等核心主题，帮助开发者构建可维护、可扩展的大型前端应用。</description></item><item><title>微前端架构设计最佳实践：从理论到落地的完整指南</title><link>/blog/articles/%E5%BE%AE%E5%89%8D%E7%AB%AF%E6%9E%B6%E6%9E%84%E8%AE%BE%E8%AE%A1%E6%9C%80%E4%BD%B3%E5%AE%9E%E8%B7%B5%E4%BB%8E%E7%90%86%E8%AE%BA%E5%88%B0%E8%90%BD%E5%9C%B0%E7%9A%84%E5%AE%8C%E6%95%B4%E6%8C%87%E5%8D%97/</link><pubDate>Wed, 24 Dec 2025 14:00:00 +0800</pubDate><guid>/blog/articles/%E5%BE%AE%E5%89%8D%E7%AB%AF%E6%9E%B6%E6%9E%84%E8%AE%BE%E8%AE%A1%E6%9C%80%E4%BD%B3%E5%AE%9E%E8%B7%B5%E4%BB%8E%E7%90%86%E8%AE%BA%E5%88%B0%E8%90%BD%E5%9C%B0%E7%9A%84%E5%AE%8C%E6%95%B4%E6%8C%87%E5%8D%97/</guid><description>深入探讨微前端架构的设计原理、技术选型、落地实践以及常见问题解决方案，帮助团队构建可扩展、可维护的大型前端应用。</description></item><item><title>RESTful API设计原则：构建优雅的Web服务接口</title><link>/blog/articles/restful-api-design-best-practices/</link><pubDate>Sun, 21 Dec 2025 16:00:00 +0800</pubDate><guid>/blog/articles/restful-api-design-best-practices/</guid><description>本文全面介绍了RESTful API的设计规范，包括URL设计、HTTP方法使用、状态码处理、版本控制等核心概念。</description></item><item><title>微服务通信模式深度解析</title><link>/blog/articles/microservices-communication-patterns/</link><pubDate>Fri, 19 Dec 2025 19:00:00 +0800</pubDate><guid>/blog/articles/microservices-communication-patterns/</guid><description>全面探讨微服务架构中的通信模式，包括同步通信、异步通信、事件驱动和API网关等最佳实践。</description></item></channel></rss>