<?xml version="1.0" encoding="utf-8" standalone="yes"?><rss version="2.0" xmlns:atom="http://www.w3.org/2005/Atom" xmlns:content="http://purl.org/rss/1.0/modules/content/"><channel><title>产品优化 on 技术博客 - 有条工具</title><link>/blog/categories/%E4%BA%A7%E5%93%81%E4%BC%98%E5%8C%96/</link><description>Recent content in 产品优化 on 技术博客 - 有条工具</description><generator>Hugo -- 0.147.7</generator><language>zh-cn</language><copyright>2024-2025 有条工具技术博客</copyright><lastBuildDate>Tue, 23 Dec 2025 13:00:00 +0800</lastBuildDate><atom:link href="/blog/categories/%E4%BA%A7%E5%93%81%E4%BC%98%E5%8C%96/feed.xml" rel="self" type="application/rss+xml"/><item><title>用户行为分析实战：洞察用户行为，优化产品体验</title><link>/blog/articles/%E7%94%A8%E6%88%B7%E8%A1%8C%E4%B8%BA%E5%88%86%E6%9E%90%E5%AE%9E%E6%88%98%E6%B4%9E%E5%AF%9F%E7%94%A8%E6%88%B7%E8%A1%8C%E4%B8%BA%E4%BC%98%E5%8C%96%E4%BA%A7%E5%93%81%E4%BD%93%E9%AA%8C/</link><pubDate>Tue, 23 Dec 2025 13:00:00 +0800</pubDate><guid>/blog/articles/%E7%94%A8%E6%88%B7%E8%A1%8C%E4%B8%BA%E5%88%86%E6%9E%90%E5%AE%9E%E6%88%98%E6%B4%9E%E5%AF%9F%E7%94%A8%E6%88%B7%E8%A1%8C%E4%B8%BA%E4%BC%98%E5%8C%96%E4%BA%A7%E5%93%81%E4%BD%93%E9%AA%8C/</guid><description>深入探讨用户行为分析的方法论和实践技巧，从数据采集、行为分析、漏斗优化到个性化推荐，帮助你全面理解用户，提升产品体验和转化率。</description></item></channel></rss>