<?xml version="1.0" encoding="utf-8" standalone="yes"?><rss version="2.0" xmlns:atom="http://www.w3.org/2005/Atom" xmlns:content="http://purl.org/rss/1.0/modules/content/"><channel><title>Kubernetes on 技术博客 - 有条工具</title><link>/blog/categories/kubernetes/</link><description>Recent content in Kubernetes on 技术博客 - 有条工具</description><generator>Hugo -- 0.147.7</generator><language>zh-cn</language><copyright>2024-2025 有条工具技术博客</copyright><lastBuildDate>Tue, 30 Dec 2025 17:00:00 +0800</lastBuildDate><atom:link href="/blog/categories/kubernetes/feed.xml" rel="self" type="application/rss+xml"/><item><title>云原生架构完全指南：Kubernetes与微服务实践</title><link>/blog/articles/%E4%BA%91%E5%8E%9F%E7%94%9F%E6%9E%B6%E6%9E%84%E5%AE%8C%E5%85%A8%E6%8C%87%E5%8D%97kubernetes%E4%B8%8E%E5%BE%AE%E6%9C%8D%E5%8A%A1%E5%AE%9E%E8%B7%B5/</link><pubDate>Tue, 30 Dec 2025 17:00:00 +0800</pubDate><guid>/blog/articles/%E4%BA%91%E5%8E%9F%E7%94%9F%E6%9E%B6%E6%9E%84%E5%AE%8C%E5%85%A8%E6%8C%87%E5%8D%97kubernetes%E4%B8%8E%E5%BE%AE%E6%9C%8D%E5%8A%A1%E5%AE%9E%E8%B7%B5/</guid><description>深入探讨云原生架构设计，涵盖Kubernetes、服务网格、容器化、DevOps等核心主题，帮助团队构建弹性、可扩展的云原生应用。</description></item></channel></rss>