<?xml version="1.0" encoding="utf-8" standalone="yes"?><rss version="2.0" xmlns:atom="http://www.w3.org/2005/Atom" xmlns:content="http://purl.org/rss/1.0/modules/content/"><channel><title>边缘计算 on 技术博客 - 有条工具</title><link>/blog/categories/%E8%BE%B9%E7%BC%98%E8%AE%A1%E7%AE%97/</link><description>Recent content in 边缘计算 on 技术博客 - 有条工具</description><generator>Hugo -- 0.147.7</generator><language>zh-cn</language><copyright>2024-2025 有条工具技术博客</copyright><lastBuildDate>Wed, 31 Dec 2025 11:00:00 +0800</lastBuildDate><atom:link href="/blog/categories/%E8%BE%B9%E7%BC%98%E8%AE%A1%E7%AE%97/feed.xml" rel="self" type="application/rss+xml"/><item><title>Edge AI架构设计：在资源受限设备上部署智能应用</title><link>/blog/articles/edge-ai%E6%9E%B6%E6%9E%84%E8%AE%BE%E8%AE%A1%E5%9C%A8%E8%B5%84%E6%BA%90%E5%8F%97%E9%99%90%E8%AE%BE%E5%A4%87%E4%B8%8A%E9%83%A8%E7%BD%B2%E6%99%BA%E8%83%BD%E5%BA%94%E7%94%A8/</link><pubDate>Wed, 31 Dec 2025 11:00:00 +0800</pubDate><guid>/blog/articles/edge-ai%E6%9E%B6%E6%9E%84%E8%AE%BE%E8%AE%A1%E5%9C%A8%E8%B5%84%E6%BA%90%E5%8F%97%E9%99%90%E8%AE%BE%E5%A4%87%E4%B8%8A%E9%83%A8%E7%BD%B2%E6%99%BA%E8%83%BD%E5%BA%94%E7%94%A8/</guid><description>深入探讨边缘AI架构设计，涵盖模型压缩、端云协同推理、边缘AI芯片选型、实时性优化等核心主题。</description></item></channel></rss>