<?xml version="1.0" encoding="utf-8" standalone="yes"?><rss version="2.0" xmlns:atom="http://www.w3.org/2005/Atom" xmlns:content="http://purl.org/rss/1.0/modules/content/"><channel><title>开发体验 on 技术博客 - 有条工具</title><link>/blog/categories/%E5%BC%80%E5%8F%91%E4%BD%93%E9%AA%8C/</link><description>Recent content in 开发体验 on 技术博客 - 有条工具</description><generator>Hugo -- 0.147.7</generator><language>zh-cn</language><copyright>2024-2025 有条工具技术博客</copyright><lastBuildDate>Wed, 31 Dec 2025 13:00:00 +0800</lastBuildDate><atom:link href="/blog/categories/%E5%BC%80%E5%8F%91%E4%BD%93%E9%AA%8C/feed.xml" rel="self" type="application/rss+xml"/><item><title>开发者体验(DX)设计：像设计用户体验一样设计开发体验</title><link>/blog/articles/%E5%BC%80%E5%8F%91%E8%80%85%E4%BD%93%E9%AA%8Cdx%E8%AE%BE%E8%AE%A1%E5%83%8F%E8%AE%BE%E8%AE%A1%E7%94%A8%E6%88%B7%E4%BD%93%E9%AA%8C%E4%B8%80%E6%A0%B7%E8%AE%BE%E8%AE%A1%E5%BC%80%E5%8F%91%E4%BD%93%E9%AA%8C/</link><pubDate>Wed, 31 Dec 2025 13:00:00 +0800</pubDate><guid>/blog/articles/%E5%BC%80%E5%8F%91%E8%80%85%E4%BD%93%E9%AA%8Cdx%E8%AE%BE%E8%AE%A1%E5%83%8F%E8%AE%BE%E8%AE%A1%E7%94%A8%E6%88%B7%E4%BD%93%E9%AA%8C%E4%B8%80%E6%A0%B7%E8%AE%BE%E8%AE%A1%E5%BC%80%E5%8F%91%E4%BD%93%E9%AA%8C/</guid><description>深入探讨开发者体验(DX)的设计方法论，包括DX评估框架、工具链优化、文档设计等，帮助团队提升开发效率和满意度。</description></item></channel></rss>