<?xml version="1.0" encoding="utf-8" standalone="yes"?><rss version="2.0" xmlns:atom="http://www.w3.org/2005/Atom" xmlns:content="http://purl.org/rss/1.0/modules/content/"><channel><title>游戏开发 on 技术博客 - 有条工具</title><link>/blog/categories/%E6%B8%B8%E6%88%8F%E5%BC%80%E5%8F%91/</link><description>Recent content in 游戏开发 on 技术博客 - 有条工具</description><generator>Hugo -- 0.147.7</generator><language>zh-cn</language><copyright>2024-2025 有条工具技术博客</copyright><lastBuildDate>Sat, 20 Dec 2025 18:00:00 +0800</lastBuildDate><atom:link href="/blog/categories/%E6%B8%B8%E6%88%8F%E5%BC%80%E5%8F%91/feed.xml" rel="self" type="application/rss+xml"/><item><title>独立游戏开发完全指南：从创意到发布的成功之路</title><link>/blog/articles/indie-game-development-guide/</link><pubDate>Sat, 20 Dec 2025 18:00:00 +0800</pubDate><guid>/blog/articles/indie-game-development-guide/</guid><description>本文全面介绍独立游戏开发的核心要点，包括创意策划、技术实现、团队管理、资金规划、市场营销等关键环节。</description></item><item><title>游戏出海全攻略：从本土化到全球发行的制胜之道</title><link>/blog/articles/game-localization-overseas-strategy/</link><pubDate>Sat, 20 Dec 2025 13:00:00 +0800</pubDate><guid>/blog/articles/game-localization-overseas-strategy/</guid><description>本文全面介绍游戏出海的各个关键环节，包括本地化翻译、文化适应、海外发行渠道、用户运营等核心策略。</description></item><item><title>小游戏开发与变现完全指南：从创意到盈利的实战手册</title><link>/blog/articles/mini-game-development-monetization/</link><pubDate>Sat, 20 Dec 2025 12:00:00 +0800</pubDate><guid>/blog/articles/mini-game-development-monetization/</guid><description>本文全面介绍小游戏开发的完整流程，包括技术实现、广告系统集成、内购设计、用户增长等关键环节。</description></item></channel></rss>