<?xml version="1.0" encoding="utf-8" standalone="yes"?><rss version="2.0" xmlns:atom="http://www.w3.org/2005/Atom" xmlns:content="http://purl.org/rss/1.0/modules/content/"><channel><title>Nuxt.js on 技术博客 - 有条工具</title><link>/blog/categories/nuxt.js/</link><description>Recent content in Nuxt.js on 技术博客 - 有条工具</description><generator>Hugo -- 0.147.7</generator><language>zh-cn</language><copyright>2024-2025 有条工具技术博客</copyright><lastBuildDate>Wed, 24 Dec 2025 09:00:00 +0800</lastBuildDate><atom:link href="/blog/categories/nuxt.js/feed.xml" rel="self" type="application/rss+xml"/><item><title>Nuxt 4新特性完全指南：下一代Vue全栈框架的进化之路</title><link>/blog/articles/nuxt-4%E6%96%B0%E7%89%B9%E6%80%A7%E5%AE%8C%E5%85%A8%E6%8C%87%E5%8D%97%E4%B8%8B%E4%B8%80%E4%BB%A3vue%E5%85%A8%E6%A0%88%E6%A1%86%E6%9E%B6%E7%9A%84%E8%BF%9B%E5%8C%96%E4%B9%8B%E8%B7%AF/</link><pubDate>Wed, 24 Dec 2025 09:00:00 +0800</pubDate><guid>/blog/articles/nuxt-4%E6%96%B0%E7%89%B9%E6%80%A7%E5%AE%8C%E5%85%A8%E6%8C%87%E5%8D%97%E4%B8%8B%E4%B8%80%E4%BB%A3vue%E5%85%A8%E6%A0%88%E6%A1%86%E6%9E%B6%E7%9A%84%E8%BF%9B%E5%8C%96%E4%B9%8B%E8%B7%AF/</guid><description>全面解析Nuxt 4带来的重大更新，包括新的项目结构、服务端引擎改进、TypeScript增强、性能优化以及迁移指南，帮助开发者快速掌握下一代全栈框架。</description></item></channel></rss>