<?xml version="1.0" encoding="utf-8" standalone="yes"?><rss version="2.0" xmlns:atom="http://www.w3.org/2005/Atom" xmlns:content="http://purl.org/rss/1.0/modules/content/"><channel><title>DevOps与CI/CD完全指南：构建高效的软件交付流水线 on 技术博客 - 有条工具</title><link>/blog/articles/devops%E4%B8%8Eci/cd%E5%AE%8C%E5%85%A8%E6%8C%87%E5%8D%97%E6%9E%84%E5%BB%BA%E9%AB%98%E6%95%88%E7%9A%84%E8%BD%AF%E4%BB%B6%E4%BA%A4%E4%BB%98%E6%B5%81%E6%B0%B4%E7%BA%BF/</link><description>Recent content in DevOps与CI/CD完全指南：构建高效的软件交付流水线 on 技术博客 - 有条工具</description><generator>Hugo -- 0.147.7</generator><language>zh-cn</language><copyright>2024-2025 有条工具技术博客</copyright><lastBuildDate/><atom:link href="/blog/articles/devops%E4%B8%8Eci/cd%E5%AE%8C%E5%85%A8%E6%8C%87%E5%8D%97%E6%9E%84%E5%BB%BA%E9%AB%98%E6%95%88%E7%9A%84%E8%BD%AF%E4%BB%B6%E4%BA%A4%E4%BB%98%E6%B5%81%E6%B0%B4%E7%BA%BF/feed.xml" rel="self" type="application/rss+xml"/></channel></rss>