<?xml version="1.0" encoding="utf-8" standalone="yes"?><rss version="2.0" xmlns:atom="http://www.w3.org/2005/Atom" xmlns:content="http://purl.org/rss/1.0/modules/content/"><channel><title>CSS on 技术博客 - 有条工具</title><link>/blog/categories/css/</link><description>Recent content in CSS on 技术博客 - 有条工具</description><generator>Hugo -- 0.147.7</generator><language>zh-cn</language><copyright>2024-2025 有条工具技术博客</copyright><lastBuildDate>Sun, 04 Jan 2026 17:00:00 +0800</lastBuildDate><atom:link href="/blog/categories/css/feed.xml" rel="self" type="application/rss+xml"/><item><title>Tailwind CSS性能优化完全指南</title><link>/blog/articles/tailwind-css%E6%80%A7%E8%83%BD%E4%BC%98%E5%8C%96%E5%AE%8C%E5%85%A8%E6%8C%87%E5%8D%97/</link><pubDate>Sun, 04 Jan 2026 17:00:00 +0800</pubDate><guid>/blog/articles/tailwind-css%E6%80%A7%E8%83%BD%E4%BC%98%E5%8C%96%E5%AE%8C%E5%85%A8%E6%8C%87%E5%8D%97/</guid><description>深入探讨Tailwind CSS的各种优化技巧，包括JIT模式、Purge配置、动态类名处理等，帮助你构建高性能的CSS应用</description></item></channel></rss>