<?xml version="1.0" encoding="utf-8" standalone="yes"?><rss version="2.0" xmlns:atom="http://www.w3.org/2005/Atom" xmlns:content="http://purl.org/rss/1.0/modules/content/"><channel><title>Categories on 技术博客 - 有条工具</title><link>/blog/categories/</link><description>Recent content in Categories on 技术博客 - 有条工具</description><generator>Hugo -- 0.147.7</generator><language>zh-cn</language><copyright>2024-2025 有条工具技术博客</copyright><lastBuildDate>Mon, 05 Jan 2026 00:00:00 +0000</lastBuildDate><atom:link href="/blog/categories/feed.xml" rel="self" type="application/rss+xml"/><item><title>技术栈</title><link>/blog/categories/%E6%8A%80%E6%9C%AF%E6%A0%88/</link><pubDate>Mon, 05 Jan 2026 00:00:00 +0000</pubDate><guid>/blog/categories/%E6%8A%80%E6%9C%AF%E6%A0%88/</guid><description/></item><item><title>架构设计</title><link>/blog/categories/%E6%9E%B6%E6%9E%84%E8%AE%BE%E8%AE%A1/</link><pubDate>Mon, 05 Jan 2026 00:00:00 +0000</pubDate><guid>/blog/categories/%E6%9E%B6%E6%9E%84%E8%AE%BE%E8%AE%A1/</guid><description/></item><item><title>性能优化</title><link>/blog/categories/%E6%80%A7%E8%83%BD%E4%BC%98%E5%8C%96/</link><pubDate>Mon, 05 Jan 2026 00:00:00 +0000</pubDate><guid>/blog/categories/%E6%80%A7%E8%83%BD%E4%BC%98%E5%8C%96/</guid><description/></item><item><title>部署</title><link>/blog/categories/%E9%83%A8%E7%BD%B2/</link><pubDate>Sun, 04 Jan 2026 19:00:00 +0800</pubDate><guid>/blog/categories/%E9%83%A8%E7%BD%B2/</guid><description/></item><item><title>前端技术</title><link>/blog/categories/%E5%89%8D%E7%AB%AF%E6%8A%80%E6%9C%AF/</link><pubDate>Sun, 04 Jan 2026 19:00:00 +0800</pubDate><guid>/blog/categories/%E5%89%8D%E7%AB%AF%E6%8A%80%E6%9C%AF/</guid><description/></item><item><title>安全</title><link>/blog/categories/%E5%AE%89%E5%85%A8/</link><pubDate>Sun, 04 Jan 2026 18:00:00 +0800</pubDate><guid>/blog/categories/%E5%AE%89%E5%85%A8/</guid><description/></item><item><title>CSS</title><link>/blog/categories/css/</link><pubDate>Sun, 04 Jan 2026 17:00:00 +0800</pubDate><guid>/blog/categories/css/</guid><description/></item><item><title>监控</title><link>/blog/categories/%E7%9B%91%E6%8E%A7/</link><pubDate>Sun, 04 Jan 2026 16:00:00 +0800</pubDate><guid>/blog/categories/%E7%9B%91%E6%8E%A7/</guid><description/></item><item><title>TypeScript</title><link>/blog/categories/typescript/</link><pubDate>Sun, 04 Jan 2026 14:00:00 +0800</pubDate><guid>/blog/categories/typescript/</guid><description/></item><item><title>Nuxt</title><link>/blog/categories/nuxt/</link><pubDate>Sun, 04 Jan 2026 13:00:00 +0800</pubDate><guid>/blog/categories/nuxt/</guid><description/></item><item><title>Vue</title><link>/blog/categories/vue/</link><pubDate>Sun, 04 Jan 2026 12:00:00 +0800</pubDate><guid>/blog/categories/vue/</guid><description/></item><item><title>Rust</title><link>/blog/categories/rust/</link><pubDate>Sun, 04 Jan 2026 11:00:00 +0800</pubDate><guid>/blog/categories/rust/</guid><description/></item><item><title>开发工具</title><link>/blog/categories/%E5%BC%80%E5%8F%91%E5%B7%A5%E5%85%B7/</link><pubDate>Sun, 04 Jan 2026 11:00:00 +0800</pubDate><guid>/blog/categories/%E5%BC%80%E5%8F%91%E5%B7%A5%E5%85%B7/</guid><description/></item><item><title>技术教程</title><link>/blog/categories/%E6%8A%80%E6%9C%AF%E6%95%99%E7%A8%8B/</link><pubDate>Sat, 03 Jan 2026 19:00:00 +0800</pubDate><guid>/blog/categories/%E6%8A%80%E6%9C%AF%E6%95%99%E7%A8%8B/</guid><description/></item><item><title>技术分享</title><link>/blog/categories/%E6%8A%80%E6%9C%AF%E5%88%86%E4%BA%AB/</link><pubDate>Sat, 03 Jan 2026 10:00:00 +0800</pubDate><guid>/blog/categories/%E6%8A%80%E6%9C%AF%E5%88%86%E4%BA%AB/</guid><description/></item><item><title>软件工程</title><link>/blog/categories/%E8%BD%AF%E4%BB%B6%E5%B7%A5%E7%A8%8B/</link><pubDate>Wed, 31 Dec 2025 17:00:00 +0800</pubDate><guid>/blog/categories/%E8%BD%AF%E4%BB%B6%E5%B7%A5%E7%A8%8B/</guid><description/></item><item><title>可观测性</title><link>/blog/categories/%E5%8F%AF%E8%A7%82%E6%B5%8B%E6%80%A7/</link><pubDate>Wed, 31 Dec 2025 16:00:00 +0800</pubDate><guid>/blog/categories/%E5%8F%AF%E8%A7%82%E6%B5%8B%E6%80%A7/</guid><description/></item><item><title>运维</title><link>/blog/categories/%E8%BF%90%E7%BB%B4/</link><pubDate>Wed, 31 Dec 2025 16:00:00 +0800</pubDate><guid>/blog/categories/%E8%BF%90%E7%BB%B4/</guid><description/></item><item><title>分布式系统</title><link>/blog/categories/%E5%88%86%E5%B8%83%E5%BC%8F%E7%B3%BB%E7%BB%9F/</link><pubDate>Wed, 31 Dec 2025 15:00:00 +0800</pubDate><guid>/blog/categories/%E5%88%86%E5%B8%83%E5%BC%8F%E7%B3%BB%E7%BB%9F/</guid><description/></item><item><title>实时协作</title><link>/blog/categories/%E5%AE%9E%E6%97%B6%E5%8D%8F%E4%BD%9C/</link><pubDate>Wed, 31 Dec 2025 15:00:00 +0800</pubDate><guid>/blog/categories/%E5%AE%9E%E6%97%B6%E5%8D%8F%E4%BD%9C/</guid><description/></item><item><title>Serverless</title><link>/blog/categories/serverless/</link><pubDate>Wed, 31 Dec 2025 14:00:00 +0800</pubDate><guid>/blog/categories/serverless/</guid><description/></item><item><title>云计算</title><link>/blog/categories/%E4%BA%91%E8%AE%A1%E7%AE%97/</link><pubDate>Wed, 31 Dec 2025 14:00:00 +0800</pubDate><guid>/blog/categories/%E4%BA%91%E8%AE%A1%E7%AE%97/</guid><description/></item><item><title>开发体验</title><link>/blog/categories/%E5%BC%80%E5%8F%91%E4%BD%93%E9%AA%8C/</link><pubDate>Wed, 31 Dec 2025 13:00:00 +0800</pubDate><guid>/blog/categories/%E5%BC%80%E5%8F%91%E4%BD%93%E9%AA%8C/</guid><description/></item><item><title>团队协作</title><link>/blog/categories/%E5%9B%A2%E9%98%9F%E5%8D%8F%E4%BD%9C/</link><pubDate>Wed, 31 Dec 2025 13:00:00 +0800</pubDate><guid>/blog/categories/%E5%9B%A2%E9%98%9F%E5%8D%8F%E4%BD%9C/</guid><description/></item><item><title>AI</title><link>/blog/categories/ai/</link><pubDate>Wed, 31 Dec 2025 11:00:00 +0800</pubDate><guid>/blog/categories/ai/</guid><description/></item><item><title>边缘计算</title><link>/blog/categories/%E8%BE%B9%E7%BC%98%E8%AE%A1%E7%AE%97/</link><pubDate>Wed, 31 Dec 2025 11:00:00 +0800</pubDate><guid>/blog/categories/%E8%BE%B9%E7%BC%98%E8%AE%A1%E7%AE%97/</guid><description/></item><item><title>WebAssembly</title><link>/blog/categories/webassembly/</link><pubDate>Wed, 31 Dec 2025 10:00:00 +0800</pubDate><guid>/blog/categories/webassembly/</guid><description/></item><item><title>AI开发</title><link>/blog/categories/ai%E5%BC%80%E5%8F%91/</link><pubDate>Wed, 31 Dec 2025 09:00:00 +0800</pubDate><guid>/blog/categories/ai%E5%BC%80%E5%8F%91/</guid><description/></item><item><title>技术趋势</title><link>/blog/categories/%E6%8A%80%E6%9C%AF%E8%B6%8B%E5%8A%BF/</link><pubDate>Wed, 31 Dec 2025 08:00:00 +0800</pubDate><guid>/blog/categories/%E6%8A%80%E6%9C%AF%E8%B6%8B%E5%8A%BF/</guid><description/></item><item><title>年度总结</title><link>/blog/categories/%E5%B9%B4%E5%BA%A6%E6%80%BB%E7%BB%93/</link><pubDate>Wed, 31 Dec 2025 08:00:00 +0800</pubDate><guid>/blog/categories/%E5%B9%B4%E5%BA%A6%E6%80%BB%E7%BB%93/</guid><description/></item><item><title>生产力</title><link>/blog/categories/%E7%94%9F%E4%BA%A7%E5%8A%9B/</link><pubDate>Tue, 30 Dec 2025 19:00:00 +0800</pubDate><guid>/blog/categories/%E7%94%9F%E4%BA%A7%E5%8A%9B/</guid><description/></item><item><title>Web3</title><link>/blog/categories/web3/</link><pubDate>Tue, 30 Dec 2025 18:00:00 +0800</pubDate><guid>/blog/categories/web3/</guid><description/></item><item><title>区块链</title><link>/blog/categories/%E5%8C%BA%E5%9D%97%E9%93%BE/</link><pubDate>Tue, 30 Dec 2025 18:00:00 +0800</pubDate><guid>/blog/categories/%E5%8C%BA%E5%9D%97%E9%93%BE/</guid><description/></item><item><title>Kubernetes</title><link>/blog/categories/kubernetes/</link><pubDate>Tue, 30 Dec 2025 17:00:00 +0800</pubDate><guid>/blog/categories/kubernetes/</guid><description/></item><item><title>云原生</title><link>/blog/categories/%E4%BA%91%E5%8E%9F%E7%94%9F/</link><pubDate>Tue, 30 Dec 2025 17:00:00 +0800</pubDate><guid>/blog/categories/%E4%BA%91%E5%8E%9F%E7%94%9F/</guid><description/></item><item><title>跨平台</title><link>/blog/categories/%E8%B7%A8%E5%B9%B3%E5%8F%B0/</link><pubDate>Tue, 30 Dec 2025 16:00:00 +0800</pubDate><guid>/blog/categories/%E8%B7%A8%E5%B9%B3%E5%8F%B0/</guid><description/></item><item><title>移动开发</title><link>/blog/categories/%E7%A7%BB%E5%8A%A8%E5%BC%80%E5%8F%91/</link><pubDate>Tue, 30 Dec 2025 16:00:00 +0800</pubDate><guid>/blog/categories/%E7%A7%BB%E5%8A%A8%E5%BC%80%E5%8F%91/</guid><description/></item><item><title>数据库</title><link>/blog/categories/%E6%95%B0%E6%8D%AE%E5%BA%93/</link><pubDate>Tue, 30 Dec 2025 15:00:00 +0800</pubDate><guid>/blog/categories/%E6%95%B0%E6%8D%AE%E5%BA%93/</guid><description/></item><item><title>网络安全</title><link>/blog/categories/%E7%BD%91%E7%BB%9C%E5%AE%89%E5%85%A8/</link><pubDate>Tue, 30 Dec 2025 14:00:00 +0800</pubDate><guid>/blog/categories/%E7%BD%91%E7%BB%9C%E5%AE%89%E5%85%A8/</guid><description/></item><item><title>CI/CD</title><link>/blog/categories/ci/cd/</link><pubDate>Tue, 30 Dec 2025 13:00:00 +0800</pubDate><guid>/blog/categories/ci/cd/</guid><description/></item><item><title>DevOps</title><link>/blog/categories/devops/</link><pubDate>Tue, 30 Dec 2025 13:00:00 +0800</pubDate><guid>/blog/categories/devops/</guid><description/></item><item><title>机器学习</title><link>/blog/categories/%E6%9C%BA%E5%99%A8%E5%AD%A6%E4%B9%A0/</link><pubDate>Tue, 30 Dec 2025 12:00:00 +0800</pubDate><guid>/blog/categories/%E6%9C%BA%E5%99%A8%E5%AD%A6%E4%B9%A0/</guid><description/></item><item><title>后端开发</title><link>/blog/categories/%E5%90%8E%E7%AB%AF%E5%BC%80%E5%8F%91/</link><pubDate>Tue, 30 Dec 2025 11:00:00 +0800</pubDate><guid>/blog/categories/%E5%90%8E%E7%AB%AF%E5%BC%80%E5%8F%91/</guid><description/></item><item><title>前端开发</title><link>/blog/categories/%E5%89%8D%E7%AB%AF%E5%BC%80%E5%8F%91/</link><pubDate>Tue, 30 Dec 2025 10:00:00 +0800</pubDate><guid>/blog/categories/%E5%89%8D%E7%AB%AF%E5%BC%80%E5%8F%91/</guid><description/></item><item><title>系统安全</title><link>/blog/categories/%E7%B3%BB%E7%BB%9F%E5%AE%89%E5%85%A8/</link><pubDate>Thu, 25 Dec 2025 18:00:00 +0800</pubDate><guid>/blog/categories/%E7%B3%BB%E7%BB%9F%E5%AE%89%E5%85%A8/</guid><description/></item><item><title>系统架构</title><link>/blog/categories/%E7%B3%BB%E7%BB%9F%E6%9E%B6%E6%9E%84/</link><pubDate>Thu, 25 Dec 2025 17:00:00 +0800</pubDate><guid>/blog/categories/%E7%B3%BB%E7%BB%9F%E6%9E%B6%E6%9E%84/</guid><description/></item><item><title>前端工程化</title><link>/blog/categories/%E5%89%8D%E7%AB%AF%E5%B7%A5%E7%A8%8B%E5%8C%96/</link><pubDate>Wed, 24 Dec 2025 17:00:00 +0800</pubDate><guid>/blog/categories/%E5%89%8D%E7%AB%AF%E5%B7%A5%E7%A8%8B%E5%8C%96/</guid><description/></item><item><title>项目架构</title><link>/blog/categories/%E9%A1%B9%E7%9B%AE%E6%9E%B6%E6%9E%84/</link><pubDate>Wed, 24 Dec 2025 17:00:00 +0800</pubDate><guid>/blog/categories/%E9%A1%B9%E7%9B%AE%E6%9E%B6%E6%9E%84/</guid><description/></item><item><title>API安全</title><link>/blog/categories/api%E5%AE%89%E5%85%A8/</link><pubDate>Wed, 24 Dec 2025 16:00:00 +0800</pubDate><guid>/blog/categories/api%E5%AE%89%E5%85%A8/</guid><description/></item><item><title>容器技术</title><link>/blog/categories/%E5%AE%B9%E5%99%A8%E6%8A%80%E6%9C%AF/</link><pubDate>Wed, 24 Dec 2025 15:00:00 +0800</pubDate><guid>/blog/categories/%E5%AE%B9%E5%99%A8%E6%8A%80%E6%9C%AF/</guid><description/></item><item><title>微前端</title><link>/blog/categories/%E5%BE%AE%E5%89%8D%E7%AB%AF/</link><pubDate>Wed, 24 Dec 2025 14:00:00 +0800</pubDate><guid>/blog/categories/%E5%BE%AE%E5%89%8D%E7%AB%AF/</guid><description/></item><item><title>Web开发</title><link>/blog/categories/web%E5%BC%80%E5%8F%91/</link><pubDate>Wed, 24 Dec 2025 13:00:00 +0800</pubDate><guid>/blog/categories/web%E5%BC%80%E5%8F%91/</guid><description/></item><item><title>系统编程</title><link>/blog/categories/%E7%B3%BB%E7%BB%9F%E7%BC%96%E7%A8%8B/</link><pubDate>Wed, 24 Dec 2025 12:00:00 +0800</pubDate><guid>/blog/categories/%E7%B3%BB%E7%BB%9F%E7%BC%96%E7%A8%8B/</guid><description/></item><item><title>开发效率</title><link>/blog/categories/%E5%BC%80%E5%8F%91%E6%95%88%E7%8E%87/</link><pubDate>Wed, 24 Dec 2025 11:00:00 +0800</pubDate><guid>/blog/categories/%E5%BC%80%E5%8F%91%E6%95%88%E7%8E%87/</guid><description/></item><item><title>编程语言</title><link>/blog/categories/%E7%BC%96%E7%A8%8B%E8%AF%AD%E8%A8%80/</link><pubDate>Wed, 24 Dec 2025 10:00:00 +0800</pubDate><guid>/blog/categories/%E7%BC%96%E7%A8%8B%E8%AF%AD%E8%A8%80/</guid><description/></item><item><title>Nuxt.js</title><link>/blog/categories/nuxt.js/</link><pubDate>Wed, 24 Dec 2025 09:00:00 +0800</pubDate><guid>/blog/categories/nuxt.js/</guid><description/></item><item><title>全栈开发</title><link>/blog/categories/%E5%85%A8%E6%A0%88%E5%BC%80%E5%8F%91/</link><pubDate>Wed, 24 Dec 2025 09:00:00 +0800</pubDate><guid>/blog/categories/%E5%85%A8%E6%A0%88%E5%BC%80%E5%8F%91/</guid><description/></item><item><title>Vue.js</title><link>/blog/categories/vue.js/</link><pubDate>Wed, 24 Dec 2025 08:00:00 +0800</pubDate><guid>/blog/categories/vue.js/</guid><description/></item><item><title>前端框架</title><link>/blog/categories/%E5%89%8D%E7%AB%AF%E6%A1%86%E6%9E%B6/</link><pubDate>Wed, 24 Dec 2025 08:00:00 +0800</pubDate><guid>/blog/categories/%E5%89%8D%E7%AB%AF%E6%A1%86%E6%9E%B6/</guid><description/></item><item><title>ROI分析</title><link>/blog/categories/roi%E5%88%86%E6%9E%90/</link><pubDate>Tue, 23 Dec 2025 18:00:00 +0800</pubDate><guid>/blog/categories/roi%E5%88%86%E6%9E%90/</guid><description/></item><item><title>营销分析</title><link>/blog/categories/%E8%90%A5%E9%94%80%E5%88%86%E6%9E%90/</link><pubDate>Tue, 23 Dec 2025 18:00:00 +0800</pubDate><guid>/blog/categories/%E8%90%A5%E9%94%80%E5%88%86%E6%9E%90/</guid><description/></item><item><title>内容营销</title><link>/blog/categories/%E5%86%85%E5%AE%B9%E8%90%A5%E9%94%80/</link><pubDate>Tue, 23 Dec 2025 17:00:00 +0800</pubDate><guid>/blog/categories/%E5%86%85%E5%AE%B9%E8%90%A5%E9%94%80/</guid><description/></item><item><title>社交媒体</title><link>/blog/categories/%E7%A4%BE%E4%BA%A4%E5%AA%92%E4%BD%93/</link><pubDate>Tue, 23 Dec 2025 17:00:00 +0800</pubDate><guid>/blog/categories/%E7%A4%BE%E4%BA%A4%E5%AA%92%E4%BD%93/</guid><description/></item><item><title>ASO优化</title><link>/blog/categories/aso%E4%BC%98%E5%8C%96/</link><pubDate>Tue, 23 Dec 2025 16:00:00 +0800</pubDate><guid>/blog/categories/aso%E4%BC%98%E5%8C%96/</guid><description/></item><item><title>移动营销</title><link>/blog/categories/%E7%A7%BB%E5%8A%A8%E8%90%A5%E9%94%80/</link><pubDate>Tue, 23 Dec 2025 16:00:00 +0800</pubDate><guid>/blog/categories/%E7%A7%BB%E5%8A%A8%E8%90%A5%E9%94%80/</guid><description/></item><item><title>用户体验</title><link>/blog/categories/%E7%94%A8%E6%88%B7%E4%BD%93%E9%AA%8C/</link><pubDate>Tue, 23 Dec 2025 15:00:00 +0800</pubDate><guid>/blog/categories/%E7%94%A8%E6%88%B7%E4%BD%93%E9%AA%8C/</guid><description/></item><item><title>转化优化</title><link>/blog/categories/%E8%BD%AC%E5%8C%96%E4%BC%98%E5%8C%96/</link><pubDate>Tue, 23 Dec 2025 15:00:00 +0800</pubDate><guid>/blog/categories/%E8%BD%AC%E5%8C%96%E4%BC%98%E5%8C%96/</guid><description/></item><item><title>SEO策略</title><link>/blog/categories/seo%E7%AD%96%E7%95%A5/</link><pubDate>Tue, 23 Dec 2025 14:00:00 +0800</pubDate><guid>/blog/categories/seo%E7%AD%96%E7%95%A5/</guid><description/></item><item><title>产品优化</title><link>/blog/categories/%E4%BA%A7%E5%93%81%E4%BC%98%E5%8C%96/</link><pubDate>Tue, 23 Dec 2025 13:00:00 +0800</pubDate><guid>/blog/categories/%E4%BA%A7%E5%93%81%E4%BC%98%E5%8C%96/</guid><description/></item><item><title>用户研究</title><link>/blog/categories/%E7%94%A8%E6%88%B7%E7%A0%94%E7%A9%B6/</link><pubDate>Tue, 23 Dec 2025 13:00:00 +0800</pubDate><guid>/blog/categories/%E7%94%A8%E6%88%B7%E7%A0%94%E7%A9%B6/</guid><description/></item><item><title>数据分析</title><link>/blog/categories/%E6%95%B0%E6%8D%AE%E5%88%86%E6%9E%90/</link><pubDate>Tue, 23 Dec 2025 12:00:00 +0800</pubDate><guid>/blog/categories/%E6%95%B0%E6%8D%AE%E5%88%86%E6%9E%90/</guid><description/></item><item><title>数据科学</title><link>/blog/categories/%E6%95%B0%E6%8D%AE%E7%A7%91%E5%AD%A6/</link><pubDate>Tue, 23 Dec 2025 12:00:00 +0800</pubDate><guid>/blog/categories/%E6%95%B0%E6%8D%AE%E7%A7%91%E5%AD%A6/</guid><description/></item><item><title>广告投放</title><link>/blog/categories/%E5%B9%BF%E5%91%8A%E6%8A%95%E6%94%BE/</link><pubDate>Tue, 23 Dec 2025 11:00:00 +0800</pubDate><guid>/blog/categories/%E5%B9%BF%E5%91%8A%E6%8A%95%E6%94%BE/</guid><description/></item><item><title>数字营销</title><link>/blog/categories/%E6%95%B0%E5%AD%97%E8%90%A5%E9%94%80/</link><pubDate>Tue, 23 Dec 2025 11:00:00 +0800</pubDate><guid>/blog/categories/%E6%95%B0%E5%AD%97%E8%90%A5%E9%94%80/</guid><description/></item><item><title>技术营销</title><link>/blog/categories/%E6%8A%80%E6%9C%AF%E8%90%A5%E9%94%80/</link><pubDate>Tue, 23 Dec 2025 10:00:00 +0800</pubDate><guid>/blog/categories/%E6%8A%80%E6%9C%AF%E8%90%A5%E9%94%80/</guid><description/></item><item><title>增长策略</title><link>/blog/categories/%E5%A2%9E%E9%95%BF%E7%AD%96%E7%95%A5/</link><pubDate>Tue, 23 Dec 2025 10:00:00 +0800</pubDate><guid>/blog/categories/%E5%A2%9E%E9%95%BF%E7%AD%96%E7%95%A5/</guid><description/></item><item><title>SEO优化</title><link>/blog/categories/seo%E4%BC%98%E5%8C%96/</link><pubDate>Tue, 23 Dec 2025 09:00:00 +0800</pubDate><guid>/blog/categories/seo%E4%BC%98%E5%8C%96/</guid><description/></item><item><title>网站运营</title><link>/blog/categories/%E7%BD%91%E7%AB%99%E8%BF%90%E8%90%A5/</link><pubDate>Tue, 23 Dec 2025 09:00:00 +0800</pubDate><guid>/blog/categories/%E7%BD%91%E7%AB%99%E8%BF%90%E8%90%A5/</guid><description/></item><item><title>网页设计</title><link>/blog/categories/%E7%BD%91%E9%A1%B5%E8%AE%BE%E8%AE%A1/</link><pubDate>Mon, 22 Dec 2025 17:00:00 +0800</pubDate><guid>/blog/categories/%E7%BD%91%E9%A1%B5%E8%AE%BE%E8%AE%A1/</guid><description/></item><item><title>技术学习</title><link>/blog/categories/%E6%8A%80%E6%9C%AF%E5%AD%A6%E4%B9%A0/</link><pubDate>Sun, 21 Dec 2025 18:00:00 +0800</pubDate><guid>/blog/categories/%E6%8A%80%E6%9C%AF%E5%AD%A6%E4%B9%A0/</guid><description/></item><item><title>独立开发</title><link>/blog/categories/%E7%8B%AC%E7%AB%8B%E5%BC%80%E5%8F%91/</link><pubDate>Sat, 20 Dec 2025 18:00:00 +0800</pubDate><guid>/blog/categories/%E7%8B%AC%E7%AB%8B%E5%BC%80%E5%8F%91/</guid><description/></item><item><title>游戏开发</title><link>/blog/categories/%E6%B8%B8%E6%88%8F%E5%BC%80%E5%8F%91/</link><pubDate>Sat, 20 Dec 2025 18:00:00 +0800</pubDate><guid>/blog/categories/%E6%B8%B8%E6%88%8F%E5%BC%80%E5%8F%91/</guid><description/></item><item><title>营销推广</title><link>/blog/categories/%E8%90%A5%E9%94%80%E6%8E%A8%E5%B9%BF/</link><pubDate>Sat, 20 Dec 2025 17:00:00 +0800</pubDate><guid>/blog/categories/%E8%90%A5%E9%94%80%E6%8E%A8%E5%B9%BF/</guid><description/></item><item><title>商业化</title><link>/blog/categories/%E5%95%86%E4%B8%9A%E5%8C%96/</link><pubDate>Sat, 20 Dec 2025 16:00:00 +0800</pubDate><guid>/blog/categories/%E5%95%86%E4%B8%9A%E5%8C%96/</guid><description/></item><item><title>小程序开发</title><link>/blog/categories/%E5%B0%8F%E7%A8%8B%E5%BA%8F%E5%BC%80%E5%8F%91/</link><pubDate>Sat, 20 Dec 2025 16:00:00 +0800</pubDate><guid>/blog/categories/%E5%B0%8F%E7%A8%8B%E5%BA%8F%E5%BC%80%E5%8F%91/</guid><description/></item><item><title>UI/UX</title><link>/blog/categories/ui/ux/</link><pubDate>Sat, 20 Dec 2025 15:00:00 +0800</pubDate><guid>/blog/categories/ui/ux/</guid><description/></item><item><title>海外运营</title><link>/blog/categories/%E6%B5%B7%E5%A4%96%E8%BF%90%E8%90%A5/</link><pubDate>Sat, 20 Dec 2025 13:00:00 +0800</pubDate><guid>/blog/categories/%E6%B5%B7%E5%A4%96%E8%BF%90%E8%90%A5/</guid><description/></item><item><title>技术选型</title><link>/blog/categories/%E6%8A%80%E6%9C%AF%E9%80%89%E5%9E%8B/</link><pubDate>Sat, 20 Dec 2025 10:00:00 +0800</pubDate><guid>/blog/categories/%E6%8A%80%E6%9C%AF%E9%80%89%E5%9E%8B/</guid><description/></item><item><title>游戏出海</title><link>/blog/categories/%E6%B8%B8%E6%88%8F%E5%87%BA%E6%B5%B7/</link><pubDate>Sat, 20 Dec 2025 10:00:00 +0800</pubDate><guid>/blog/categories/%E6%B8%B8%E6%88%8F%E5%87%BA%E6%B5%B7/</guid><description/></item><item><title>技术博客</title><link>/blog/categories/%E6%8A%80%E6%9C%AF%E5%8D%9A%E5%AE%A2/</link><pubDate>Thu, 18 Dec 2025 20:00:00 +0800</pubDate><guid>/blog/categories/%E6%8A%80%E6%9C%AF%E5%8D%9A%E5%AE%A2/</guid><description/></item><item><title>运维部署</title><link>/blog/categories/%E8%BF%90%E7%BB%B4%E9%83%A8%E7%BD%B2/</link><pubDate>Wed, 17 Dec 2025 17:00:00 +0800</pubDate><guid>/blog/categories/%E8%BF%90%E7%BB%B4%E9%83%A8%E7%BD%B2/</guid><description/></item><item><title>工具教程</title><link>/blog/categories/%E5%B7%A5%E5%85%B7%E6%95%99%E7%A8%8B/</link><pubDate>Tue, 16 Dec 2025 00:00:00 +0000</pubDate><guid>/blog/categories/%E5%B7%A5%E5%85%B7%E6%95%99%E7%A8%8B/</guid><description/></item><item><title>公告</title><link>/blog/categories/%E5%85%AC%E5%91%8A/</link><pubDate>Mon, 15 Dec 2025 12:00:00 +0800</pubDate><guid>/blog/categories/%E5%85%AC%E5%91%8A/</guid><description/></item><item><title>安全开发</title><link>/blog/categories/%E5%AE%89%E5%85%A8%E5%BC%80%E5%8F%91/</link><pubDate>Mon, 08 Dec 2025 13:30:00 +0800</pubDate><guid>/blog/categories/%E5%AE%89%E5%85%A8%E5%BC%80%E5%8F%91/</guid><description/></item></channel></rss>