<?xml version="1.0" encoding="utf-8" standalone="yes"?><rss version="2.0" xmlns:atom="http://www.w3.org/2005/Atom" xmlns:content="http://purl.org/rss/1.0/modules/content/"><channel><title>分布式系统一致性保障方案设计：从理论到落地的完整指南 on 技术博客 - 有条工具</title><link>/blog/articles/%E5%88%86%E5%B8%83%E5%BC%8F%E7%B3%BB%E7%BB%9F%E4%B8%80%E8%87%B4%E6%80%A7%E4%BF%9D%E9%9A%9C%E6%96%B9%E6%A1%88%E8%AE%BE%E8%AE%A1%E4%BB%8E%E7%90%86%E8%AE%BA%E5%88%B0%E8%90%BD%E5%9C%B0%E7%9A%84%E5%AE%8C%E6%95%B4%E6%8C%87%E5%8D%97/</link><description>Recent content in 分布式系统一致性保障方案设计：从理论到落地的完整指南 on 技术博客 - 有条工具</description><generator>Hugo -- 0.147.7</generator><language>zh-cn</language><copyright>2024-2025 有条工具技术博客</copyright><lastBuildDate/><atom:link href="/blog/articles/%E5%88%86%E5%B8%83%E5%BC%8F%E7%B3%BB%E7%BB%9F%E4%B8%80%E8%87%B4%E6%80%A7%E4%BF%9D%E9%9A%9C%E6%96%B9%E6%A1%88%E8%AE%BE%E8%AE%A1%E4%BB%8E%E7%90%86%E8%AE%BA%E5%88%B0%E8%90%BD%E5%9C%B0%E7%9A%84%E5%AE%8C%E6%95%B4%E6%8C%87%E5%8D%97/feed.xml" rel="self" type="application/rss+xml"/></channel></rss>