<?xml version="1.0" encoding="utf-8" standalone="yes"?><rss version="2.0" xmlns:atom="http://www.w3.org/2005/Atom" xmlns:content="http://purl.org/rss/1.0/modules/content/"><channel><title>现代前端架构深度解析：构建可扩展的大型应用 on 技术博客 - 有条工具</title><link>/blog/articles/%E7%8E%B0%E4%BB%A3%E5%89%8D%E7%AB%AF%E6%9E%B6%E6%9E%84%E6%B7%B1%E5%BA%A6%E8%A7%A3%E6%9E%90%E6%9E%84%E5%BB%BA%E5%8F%AF%E6%89%A9%E5%B1%95%E7%9A%84%E5%A4%A7%E5%9E%8B%E5%BA%94%E7%94%A8/</link><description>Recent content in 现代前端架构深度解析：构建可扩展的大型应用 on 技术博客 - 有条工具</description><generator>Hugo -- 0.147.7</generator><language>zh-cn</language><copyright>2024-2025 有条工具技术博客</copyright><lastBuildDate/><atom:link href="/blog/articles/%E7%8E%B0%E4%BB%A3%E5%89%8D%E7%AB%AF%E6%9E%B6%E6%9E%84%E6%B7%B1%E5%BA%A6%E8%A7%A3%E6%9E%90%E6%9E%84%E5%BB%BA%E5%8F%AF%E6%89%A9%E5%B1%95%E7%9A%84%E5%A4%A7%E5%9E%8B%E5%BA%94%E7%94%A8/feed.xml" rel="self" type="application/rss+xml"/></channel></rss>