<?xml version="1.0" encoding="utf-8" standalone="yes"?><rss version="2.0" xmlns:atom="http://www.w3.org/2005/Atom" xmlns:content="http://purl.org/rss/1.0/modules/content/"><channel><title>Vite vs Webpack：现代前端构建工具对比 on 技术博客 - 有条工具</title><link>/blog/articles/vite-vs-webpack-comparison/</link><description>Recent content in Vite vs Webpack：现代前端构建工具对比 on 技术博客 - 有条工具</description><generator>Hugo -- 0.147.7</generator><language>zh-cn</language><copyright>2024-2025 有条工具技术博客</copyright><lastBuildDate/><atom:link href="/blog/articles/vite-vs-webpack-comparison/feed.xml" rel="self" type="application/rss+xml"/></channel></rss>