<?xml version="1.0" encoding="utf-8" standalone="yes"?><rss version="2.0" xmlns:atom="http://www.w3.org/2005/Atom" xmlns:content="http://purl.org/rss/1.0/modules/content/"><channel><title>海外运营 on 技术博客 - 有条工具</title><link>/blog/categories/%E6%B5%B7%E5%A4%96%E8%BF%90%E8%90%A5/</link><description>Recent content in 海外运营 on 技术博客 - 有条工具</description><generator>Hugo -- 0.147.7</generator><language>zh-cn</language><copyright>2024-2025 有条工具技术博客</copyright><lastBuildDate>Sat, 20 Dec 2025 13:00:00 +0800</lastBuildDate><atom:link href="/blog/categories/%E6%B5%B7%E5%A4%96%E8%BF%90%E8%90%A5/feed.xml" rel="self" type="application/rss+xml"/><item><title>游戏出海全攻略：从本土化到全球发行的制胜之道</title><link>/blog/articles/game-localization-overseas-strategy/</link><pubDate>Sat, 20 Dec 2025 13:00:00 +0800</pubDate><guid>/blog/articles/game-localization-overseas-strategy/</guid><description>本文全面介绍游戏出海的各个关键环节，包括本地化翻译、文化适应、海外发行渠道、用户运营等核心策略。</description></item></channel></rss>