<?xml version="1.0" encoding="utf-8" standalone="yes"?><rss version="2.0" xmlns:atom="http://www.w3.org/2005/Atom" xmlns:content="http://purl.org/rss/1.0/modules/content/"><channel><title>商业化 on 技术博客 - 有条工具</title><link>/blog/categories/%E5%95%86%E4%B8%9A%E5%8C%96/</link><description>Recent content in 商业化 on 技术博客 - 有条工具</description><generator>Hugo -- 0.147.7</generator><language>zh-cn</language><copyright>2024-2025 有条工具技术博客</copyright><lastBuildDate>Sat, 20 Dec 2025 16:00:00 +0800</lastBuildDate><atom:link href="/blog/categories/%E5%95%86%E4%B8%9A%E5%8C%96/feed.xml" rel="self" type="application/rss+xml"/><item><title>微信小程序生态深度解析：从流量到变现的商业逻辑</title><link>/blog/articles/wechat-mini-program-ecosystem/</link><pubDate>Sat, 20 Dec 2025 16:00:00 +0800</pubDate><guid>/blog/articles/wechat-mini-program-ecosystem/</guid><description>本文全面分析微信小程序的商业价值，包括流量运营策略、变现模式选择、生态整合等关键环节。</description></item><item><title>小游戏开发与变现完全指南：从创意到盈利的实战手册</title><link>/blog/articles/mini-game-development-monetization/</link><pubDate>Sat, 20 Dec 2025 12:00:00 +0800</pubDate><guid>/blog/articles/mini-game-development-monetization/</guid><description>本文全面介绍小游戏开发的完整流程，包括技术实现、广告系统集成、内购设计、用户增长等关键环节。</description></item></channel></rss>