<?xml version="1.0" encoding="utf-8" standalone="yes"?><rss version="2.0" xmlns:atom="http://www.w3.org/2005/Atom" xmlns:content="http://purl.org/rss/1.0/modules/content/"><channel><title>Docker与Kubernetes容器化部署：从零搭建生产级容器化系统 on 技术博客 - 有条工具</title><link>/blog/articles/docker%E4%B8%8Ekubernetes%E5%AE%B9%E5%99%A8%E5%8C%96%E9%83%A8%E7%BD%B2%E4%BB%8E%E9%9B%B6%E6%90%AD%E5%BB%BA%E7%94%9F%E4%BA%A7%E7%BA%A7%E5%AE%B9%E5%99%A8%E5%8C%96%E7%B3%BB%E7%BB%9F/</link><description>Recent content in Docker与Kubernetes容器化部署：从零搭建生产级容器化系统 on 技术博客 - 有条工具</description><generator>Hugo -- 0.147.7</generator><language>zh-cn</language><copyright>2024-2025 有条工具技术博客</copyright><lastBuildDate/><atom:link href="/blog/articles/docker%E4%B8%8Ekubernetes%E5%AE%B9%E5%99%A8%E5%8C%96%E9%83%A8%E7%BD%B2%E4%BB%8E%E9%9B%B6%E6%90%AD%E5%BB%BA%E7%94%9F%E4%BA%A7%E7%BA%A7%E5%AE%B9%E5%99%A8%E5%8C%96%E7%B3%BB%E7%BB%9F/feed.xml" rel="self" type="application/rss+xml"/></channel></rss>