<?xml version="1.0" encoding="utf-8" standalone="yes"?><rss version="2.0" xmlns:atom="http://www.w3.org/2005/Atom" xmlns:content="http://purl.org/rss/1.0/modules/content/"><channel><title>营销推广 on 技术博客 - 有条工具</title><link>/blog/categories/%E8%90%A5%E9%94%80%E6%8E%A8%E5%B9%BF/</link><description>Recent content in 营销推广 on 技术博客 - 有条工具</description><generator>Hugo -- 0.147.7</generator><language>zh-cn</language><copyright>2024-2025 有条工具技术博客</copyright><lastBuildDate>Sat, 20 Dec 2025 17:00:00 +0800</lastBuildDate><atom:link href="/blog/categories/%E8%90%A5%E9%94%80%E6%8E%A8%E5%B9%BF/feed.xml" rel="self" type="application/rss+xml"/><item><title>移动应用营销增长黑客：从0到100万用户的实战策略</title><link>/blog/articles/mobile-app-marketing-growth/</link><pubDate>Sat, 20 Dec 2025 17:00:00 +0800</pubDate><guid>/blog/articles/mobile-app-marketing-growth/</guid><description>本文全面介绍移动应用营销的实战技巧，包括ASO优化、渠道投放、病毒传播、用户运营等关键环节。</description></item></channel></rss>