<?xml version="1.0" encoding="utf-8" standalone="yes"?><rss version="2.0" xmlns:atom="http://www.w3.org/2005/Atom" xmlns:content="http://purl.org/rss/1.0/modules/content/"><channel><title>零信任架构：重塑网络安全的现代防护体系 on 技术博客 - 有条工具</title><link>/blog/articles/%E9%9B%B6%E4%BF%A1%E4%BB%BB%E6%9E%B6%E6%9E%84%E9%87%8D%E5%A1%91%E7%BD%91%E7%BB%9C%E5%AE%89%E5%85%A8%E7%9A%84%E7%8E%B0%E4%BB%A3%E9%98%B2%E6%8A%A4%E4%BD%93%E7%B3%BB/</link><description>Recent content in 零信任架构：重塑网络安全的现代防护体系 on 技术博客 - 有条工具</description><generator>Hugo -- 0.147.7</generator><language>zh-cn</language><copyright>2024-2025 有条工具技术博客</copyright><lastBuildDate/><atom:link href="/blog/articles/%E9%9B%B6%E4%BF%A1%E4%BB%BB%E6%9E%B6%E6%9E%84%E9%87%8D%E5%A1%91%E7%BD%91%E7%BB%9C%E5%AE%89%E5%85%A8%E7%9A%84%E7%8E%B0%E4%BB%A3%E9%98%B2%E6%8A%A4%E4%BD%93%E7%B3%BB/feed.xml" rel="self" type="application/rss+xml"/></channel></rss>