<?xml version="1.0" encoding="utf-8" standalone="yes"?><rss version="2.0" xmlns:atom="http://www.w3.org/2005/Atom" xmlns:content="http://purl.org/rss/1.0/modules/content/"><channel><title>WebCrypto API实战：前端加密与安全通信完全指南 on 技术博客 - 有条工具</title><link>/blog/articles/webcrypto-api%E5%AE%9E%E6%88%98%E5%89%8D%E7%AB%AF%E5%8A%A0%E5%AF%86%E4%B8%8E%E5%AE%89%E5%85%A8%E9%80%9A%E4%BF%A1%E5%AE%8C%E5%85%A8%E6%8C%87%E5%8D%97/</link><description>Recent content in WebCrypto API实战：前端加密与安全通信完全指南 on 技术博客 - 有条工具</description><generator>Hugo -- 0.147.7</generator><language>zh-cn</language><copyright>2024-2025 有条工具技术博客</copyright><lastBuildDate/><atom:link href="/blog/articles/webcrypto-api%E5%AE%9E%E6%88%98%E5%89%8D%E7%AB%AF%E5%8A%A0%E5%AF%86%E4%B8%8E%E5%AE%89%E5%85%A8%E9%80%9A%E4%BF%A1%E5%AE%8C%E5%85%A8%E6%8C%87%E5%8D%97/feed.xml" rel="self" type="application/rss+xml"/></channel></rss>