<?xml version="1.0" encoding="utf-8" standalone="yes"?><rss version="2.0" xmlns:atom="http://www.w3.org/2005/Atom" xmlns:content="http://purl.org/rss/1.0/modules/content/"><channel><title>CDN加速优化完全指南：从基础原理到高级配置实战 on 技术博客 - 有条工具</title><link>/blog/articles/cdn%E5%8A%A0%E9%80%9F%E4%BC%98%E5%8C%96%E5%AE%8C%E5%85%A8%E6%8C%87%E5%8D%97%E4%BB%8E%E5%9F%BA%E7%A1%80%E5%8E%9F%E7%90%86%E5%88%B0%E9%AB%98%E7%BA%A7%E9%85%8D%E7%BD%AE%E5%AE%9E%E6%88%98/</link><description>Recent content in CDN加速优化完全指南：从基础原理到高级配置实战 on 技术博客 - 有条工具</description><generator>Hugo -- 0.147.7</generator><language>zh-cn</language><copyright>2024-2025 有条工具技术博客</copyright><lastBuildDate/><atom:link href="/blog/articles/cdn%E5%8A%A0%E9%80%9F%E4%BC%98%E5%8C%96%E5%AE%8C%E5%85%A8%E6%8C%87%E5%8D%97%E4%BB%8E%E5%9F%BA%E7%A1%80%E5%8E%9F%E7%90%86%E5%88%B0%E9%AB%98%E7%BA%A7%E9%85%8D%E7%BD%AE%E5%AE%9E%E6%88%98/feed.xml" rel="self" type="application/rss+xml"/></channel></rss>