<?xml version="1.0" encoding="utf-8" standalone="yes"?><rss version="2.0" xmlns:atom="http://www.w3.org/2005/Atom" xmlns:content="http://purl.org/rss/1.0/modules/content/"><channel><title>性能优化 on 技术博客 - 有条工具</title><link>/blog/categories/%E6%80%A7%E8%83%BD%E4%BC%98%E5%8C%96/</link><description>Recent content in 性能优化 on 技术博客 - 有条工具</description><generator>Hugo -- 0.147.7</generator><language>zh-cn</language><copyright>2024-2025 有条工具技术博客</copyright><lastBuildDate>Mon, 05 Jan 2026 00:00:00 +0000</lastBuildDate><atom:link href="/blog/categories/%E6%80%A7%E8%83%BD%E4%BC%98%E5%8C%96/feed.xml" rel="self" type="application/rss+xml"/><item><title>Go语言高并发服务性能优化实战：从理论到落地的完整指南</title><link>/blog/articles/go%E8%AF%AD%E8%A8%80%E9%AB%98%E5%B9%B6%E5%8F%91%E6%9C%8D%E5%8A%A1%E6%80%A7%E8%83%BD%E4%BC%98%E5%8C%96%E5%AE%9E%E6%88%98%E4%BB%8E%E7%90%86%E8%AE%BA%E5%88%B0%E8%90%BD%E5%9C%B0%E7%9A%84%E5%AE%8C%E6%95%B4%E6%8C%87%E5%8D%97/</link><pubDate>Mon, 05 Jan 2026 00:00:00 +0000</pubDate><guid>/blog/articles/go%E8%AF%AD%E8%A8%80%E9%AB%98%E5%B9%B6%E5%8F%91%E6%9C%8D%E5%8A%A1%E6%80%A7%E8%83%BD%E4%BC%98%E5%8C%96%E5%AE%9E%E6%88%98%E4%BB%8E%E7%90%86%E8%AE%BA%E5%88%B0%E8%90%BD%E5%9C%B0%E7%9A%84%E5%AE%8C%E6%95%B4%E6%8C%87%E5%8D%97/</guid><description>深入剖析Go语言并发模型，详细介绍goroutine、channel、sync包的使用技巧，以及内存优化、GC调优、性能分析工具的实战应用</description></item><item><title>数据库慢查询优化的方法论与实践：从索引到SQL重写的完整指南</title><link>/blog/articles/%E6%95%B0%E6%8D%AE%E5%BA%93%E6%85%A2%E6%9F%A5%E8%AF%A2%E4%BC%98%E5%8C%96%E7%9A%84%E6%96%B9%E6%B3%95%E8%AE%BA%E4%B8%8E%E5%AE%9E%E8%B7%B5%E4%BB%8E%E7%B4%A2%E5%BC%95%E5%88%B0sql%E9%87%8D%E5%86%99%E7%9A%84%E5%AE%8C%E6%95%B4%E6%8C%87%E5%8D%97/</link><pubDate>Mon, 05 Jan 2026 00:00:00 +0000</pubDate><guid>/blog/articles/%E6%95%B0%E6%8D%AE%E5%BA%93%E6%85%A2%E6%9F%A5%E8%AF%A2%E4%BC%98%E5%8C%96%E7%9A%84%E6%96%B9%E6%B3%95%E8%AE%BA%E4%B8%8E%E5%AE%9E%E8%B7%B5%E4%BB%8E%E7%B4%A2%E5%BC%95%E5%88%B0sql%E9%87%8D%E5%86%99%E7%9A%84%E5%AE%8C%E6%95%B4%E6%8C%87%E5%8D%97/</guid><description>深入剖析数据库慢查询的成因与优化方法，详细介绍执行计划分析、索引优化策略、SQL重写技巧，以及MySQL/PostgreSQL的实战案例</description></item><item><title>系统容量规划与性能测试实践：从QPS评估到全链路压测的完整指南</title><link>/blog/articles/%E7%B3%BB%E7%BB%9F%E5%AE%B9%E9%87%8F%E8%A7%84%E5%88%92%E4%B8%8E%E6%80%A7%E8%83%BD%E6%B5%8B%E8%AF%95%E5%AE%9E%E8%B7%B5%E4%BB%8Eqps%E8%AF%84%E4%BC%B0%E5%88%B0%E5%85%A8%E9%93%BE%E8%B7%AF%E5%8E%8B%E6%B5%8B%E7%9A%84%E5%AE%8C%E6%95%B4%E6%8C%87%E5%8D%97/</link><pubDate>Mon, 05 Jan 2026 00:00:00 +0000</pubDate><guid>/blog/articles/%E7%B3%BB%E7%BB%9F%E5%AE%B9%E9%87%8F%E8%A7%84%E5%88%92%E4%B8%8E%E6%80%A7%E8%83%BD%E6%B5%8B%E8%AF%95%E5%AE%9E%E8%B7%B5%E4%BB%8Eqps%E8%AF%84%E4%BC%B0%E5%88%B0%E5%85%A8%E9%93%BE%E8%B7%AF%E5%8E%8B%E6%B5%8B%E7%9A%84%E5%AE%8C%E6%95%B4%E6%8C%87%E5%8D%97/</guid><description>深入剖析系统容量规划的方法论，详细介绍QPS预估、性能测试工具、压测方案设计、全链路压测实施，以及生产环境容量评估的实战案例</description></item><item><title>WebAssembly在前端工程中的实践：突破JavaScript性能瓶颈</title><link>/blog/articles/webassembly%E5%9C%A8%E5%89%8D%E7%AB%AF%E5%B7%A5%E7%A8%8B%E4%B8%AD%E7%9A%84%E5%AE%9E%E8%B7%B5%E7%AA%81%E7%A0%B4javascript%E6%80%A7%E8%83%BD%E7%93%B6%E9%A2%88/</link><pubDate>Sun, 04 Jan 2026 10:00:00 +0800</pubDate><guid>/blog/articles/webassembly%E5%9C%A8%E5%89%8D%E7%AB%AF%E5%B7%A5%E7%A8%8B%E4%B8%AD%E7%9A%84%E5%AE%9E%E8%B7%B5%E7%AA%81%E7%A0%B4javascript%E6%80%A7%E8%83%BD%E7%93%B6%E9%A2%88/</guid><description>深入探讨WebAssembly在前端工程中的实际应用场景，包括图像处理、加密算法、数据计算等性能密集型任务的优化实践</description></item><item><title>Web性能监控与诊断实战：从Core Web Vitals到性能优化</title><link>/blog/articles/web%E6%80%A7%E8%83%BD%E7%9B%91%E6%8E%A7%E4%B8%8E%E8%AF%8A%E6%96%AD%E5%AE%9E%E6%88%98%E4%BB%8Ecore-web-vitals%E5%88%B0%E6%80%A7%E8%83%BD%E4%BC%98%E5%8C%96/</link><pubDate>Wed, 24 Dec 2025 13:00:00 +0800</pubDate><guid>/blog/articles/web%E6%80%A7%E8%83%BD%E7%9B%91%E6%8E%A7%E4%B8%8E%E8%AF%8A%E6%96%AD%E5%AE%9E%E6%88%98%E4%BB%8Ecore-web-vitals%E5%88%B0%E6%80%A7%E8%83%BD%E4%BC%98%E5%8C%96/</guid><description>全面介绍Web性能监控体系，包括Core Web Vitals指标、性能API使用、性能数据采集与分析、以及性能优化策略，帮助构建高性能Web应用。</description></item><item><title>CDN加速优化完全指南：从基础原理到高级配置实战</title><link>/blog/articles/cdn%E5%8A%A0%E9%80%9F%E4%BC%98%E5%8C%96%E5%AE%8C%E5%85%A8%E6%8C%87%E5%8D%97%E4%BB%8E%E5%9F%BA%E7%A1%80%E5%8E%9F%E7%90%86%E5%88%B0%E9%AB%98%E7%BA%A7%E9%85%8D%E7%BD%AE%E5%AE%9E%E6%88%98/</link><pubDate>Mon, 22 Dec 2025 11:00:00 +0800</pubDate><guid>/blog/articles/cdn%E5%8A%A0%E9%80%9F%E4%BC%98%E5%8C%96%E5%AE%8C%E5%85%A8%E6%8C%87%E5%8D%97%E4%BB%8E%E5%9F%BA%E7%A1%80%E5%8E%9F%E7%90%86%E5%88%B0%E9%AB%98%E7%BA%A7%E9%85%8D%E7%BD%AE%E5%AE%9E%E6%88%98/</guid><description>全面解析CDN加速技术的核心原理、配置方法和优化策略，包括缓存策略、边缘计算、安全防护和性能监控，帮助开发者构建高性能的全球内容分发网络。</description></item><item><title>前端性能优化完全指南：让你的网站快如闪电</title><link>/blog/articles/frontend-performance-optimization/</link><pubDate>Sun, 21 Dec 2025 17:00:00 +0800</pubDate><guid>/blog/articles/frontend-performance-optimization/</guid><description>本文详细介绍了前端性能优化的各个方面，包括资源加载优化、代码分割、缓存策略、渲染性能等实战技巧。</description></item><item><title>React Native性能优化实战：打造60FPS流畅体验的终极指南</title><link>/blog/articles/react-native-performance-optimization/</link><pubDate>Sat, 20 Dec 2025 14:00:00 +0800</pubDate><guid>/blog/articles/react-native-performance-optimization/</guid><description>本文全面介绍React Native应用的性能优化技巧，包括渲染优化、内存管理、启动速度、网络请求等关键环节。</description></item><item><title>前端性能优化终极指南：提升Web应用加载速度的15个实战技巧</title><link>/blog/articles/frontend-performance-optimization-guide/</link><pubDate>Thu, 18 Dec 2025 14:00:00 +0800</pubDate><guid>/blog/articles/frontend-performance-optimization-guide/</guid><description>全面的前端性能优化指南，涵盖资源加载、代码优化、缓存策略、图片优化等关键技术，帮助开发者显著提升Web应用加载速度和用户体验</description></item></channel></rss>