<?xml version="1.0" encoding="utf-8" standalone="yes"?><rss version="2.0" xmlns:atom="http://www.w3.org/2005/Atom" xmlns:content="http://purl.org/rss/1.0/modules/content/"><channel><title>可观测性 on 技术博客 - 有条工具</title><link>/blog/categories/%E5%8F%AF%E8%A7%82%E6%B5%8B%E6%80%A7/</link><description>Recent content in 可观测性 on 技术博客 - 有条工具</description><generator>Hugo -- 0.147.7</generator><language>zh-cn</language><copyright>2024-2025 有条工具技术博客</copyright><lastBuildDate>Wed, 31 Dec 2025 16:00:00 +0800</lastBuildDate><atom:link href="/blog/categories/%E5%8F%AF%E8%A7%82%E6%B5%8B%E6%80%A7/feed.xml" rel="self" type="application/rss+xml"/><item><title>可观测性3.0：AI驱动的智能监控与故障预测</title><link>/blog/articles/%E5%8F%AF%E8%A7%82%E6%B5%8B%E6%80%A73.0ai%E9%A9%B1%E5%8A%A8%E7%9A%84%E6%99%BA%E8%83%BD%E7%9B%91%E6%8E%A7%E4%B8%8E%E6%95%85%E9%9A%9C%E9%A2%84%E6%B5%8B/</link><pubDate>Wed, 31 Dec 2025 16:00:00 +0800</pubDate><guid>/blog/articles/%E5%8F%AF%E8%A7%82%E6%B5%8B%E6%80%A73.0ai%E9%A9%B1%E5%8A%A8%E7%9A%84%E6%99%BA%E8%83%BD%E7%9B%91%E6%8E%A7%E4%B8%8E%E6%95%85%E9%9A%9C%E9%A2%84%E6%B5%8B/</guid><description>探讨可观测性的演进，从传统监控到AI增强的智能运维，包括异常检测、根因分析、容量预测等。</description></item></channel></rss>