<?xml version="1.0" encoding="utf-8" standalone="yes"?><rss version="2.0" xmlns:atom="http://www.w3.org/2005/Atom" xmlns:content="http://purl.org/rss/1.0/modules/content/"><channel><title>系统编程 on 技术博客 - 有条工具</title><link>/blog/categories/%E7%B3%BB%E7%BB%9F%E7%BC%96%E7%A8%8B/</link><description>Recent content in 系统编程 on 技术博客 - 有条工具</description><generator>Hugo -- 0.147.7</generator><language>zh-cn</language><copyright>2024-2025 有条工具技术博客</copyright><lastBuildDate>Wed, 24 Dec 2025 12:00:00 +0800</lastBuildDate><atom:link href="/blog/categories/%E7%B3%BB%E7%BB%9F%E7%BC%96%E7%A8%8B/feed.xml" rel="self" type="application/rss+xml"/><item><title>Rust内存安全与所有权机制深度解析：零成本抽象的实现原理</title><link>/blog/articles/rust%E5%86%85%E5%AD%98%E5%AE%89%E5%85%A8%E4%B8%8E%E6%89%80%E6%9C%89%E6%9D%83%E6%9C%BA%E5%88%B6%E6%B7%B1%E5%BA%A6%E8%A7%A3%E6%9E%90%E9%9B%B6%E6%88%90%E6%9C%AC%E6%8A%BD%E8%B1%A1%E7%9A%84%E5%AE%9E%E7%8E%B0%E5%8E%9F%E7%90%86/</link><pubDate>Wed, 24 Dec 2025 12:00:00 +0800</pubDate><guid>/blog/articles/rust%E5%86%85%E5%AD%98%E5%AE%89%E5%85%A8%E4%B8%8E%E6%89%80%E6%9C%89%E6%9D%83%E6%9C%BA%E5%88%B6%E6%B7%B1%E5%BA%A6%E8%A7%A3%E6%9E%90%E9%9B%B6%E6%88%90%E6%9C%AC%E6%8A%BD%E8%B1%A1%E7%9A%84%E5%AE%9E%E7%8E%B0%E5%8E%9F%E7%90%86/</guid><description>深入探讨Rust的核心特性：所有权系统、借用检查、生命周期等内存安全机制，理解Rust如何在不使用垃圾回收的情况下实现内存安全，以及零成本抽象的设计哲学。</description></item></channel></rss>