<?xml version="1.0" encoding="utf-8" standalone="yes"?><rss version="2.0" xmlns:atom="http://www.w3.org/2005/Atom" xmlns:content="http://purl.org/rss/1.0/modules/content/"><channel><title>Prompt工程完全指南：掌握与大语言模型沟通的艺术 on 技术博客 - 有条工具</title><link>/blog/articles/prompt%E5%B7%A5%E7%A8%8B%E5%AE%8C%E5%85%A8%E6%8C%87%E5%8D%97%E6%8E%8C%E6%8F%A1%E4%B8%8E%E5%A4%A7%E8%AF%AD%E8%A8%80%E6%A8%A1%E5%9E%8B%E6%B2%9F%E9%80%9A%E7%9A%84%E8%89%BA%E6%9C%AF/</link><description>Recent content in Prompt工程完全指南：掌握与大语言模型沟通的艺术 on 技术博客 - 有条工具</description><generator>Hugo -- 0.147.7</generator><language>zh-cn</language><copyright>2024-2025 有条工具技术博客</copyright><lastBuildDate/><atom:link href="/blog/articles/prompt%E5%B7%A5%E7%A8%8B%E5%AE%8C%E5%85%A8%E6%8C%87%E5%8D%97%E6%8E%8C%E6%8F%A1%E4%B8%8E%E5%A4%A7%E8%AF%AD%E8%A8%80%E6%A8%A1%E5%9E%8B%E6%B2%9F%E9%80%9A%E7%9A%84%E8%89%BA%E6%9C%AF/feed.xml" rel="self" type="application/rss+xml"/></channel></rss>