<?xml version="1.0" encoding="utf-8" standalone="yes"?><rss version="2.0" xmlns:atom="http://www.w3.org/2005/Atom" xmlns:content="http://purl.org/rss/1.0/modules/content/"><channel><title>WebAssembly性能优化实践：突破Web应用性能瓶颈 on 技术博客 - 有条工具</title><link>/blog/articles/webassembly%E6%80%A7%E8%83%BD%E4%BC%98%E5%8C%96%E5%AE%9E%E8%B7%B5%E7%AA%81%E7%A0%B4web%E5%BA%94%E7%94%A8%E6%80%A7%E8%83%BD%E7%93%B6%E9%A2%88/</link><description>Recent content in WebAssembly性能优化实践：突破Web应用性能瓶颈 on 技术博客 - 有条工具</description><generator>Hugo -- 0.147.7</generator><language>zh-cn</language><copyright>2024-2025 有条工具技术博客</copyright><lastBuildDate/><atom:link href="/blog/articles/webassembly%E6%80%A7%E8%83%BD%E4%BC%98%E5%8C%96%E5%AE%9E%E8%B7%B5%E7%AA%81%E7%A0%B4web%E5%BA%94%E7%94%A8%E6%80%A7%E8%83%BD%E7%93%B6%E9%A2%88/feed.xml" rel="self" type="application/rss+xml"/></channel></rss>