<?xml version="1.0" encoding="utf-8" standalone="yes"?><rss version="2.0" xmlns:atom="http://www.w3.org/2005/Atom" xmlns:content="http://purl.org/rss/1.0/modules/content/"><channel><title>网站运营 on 技术博客 - 有条工具</title><link>/blog/categories/%E7%BD%91%E7%AB%99%E8%BF%90%E8%90%A5/</link><description>Recent content in 网站运营 on 技术博客 - 有条工具</description><generator>Hugo -- 0.147.7</generator><language>zh-cn</language><copyright>2024-2025 有条工具技术博客</copyright><lastBuildDate>Tue, 23 Dec 2025 09:00:00 +0800</lastBuildDate><atom:link href="/blog/categories/%E7%BD%91%E7%AB%99%E8%BF%90%E8%90%A5/feed.xml" rel="self" type="application/rss+xml"/><item><title>2025年SEO优化完全指南：从基础到进阶的实战策略</title><link>/blog/articles/2025%E5%B9%B4seo%E4%BC%98%E5%8C%96%E5%AE%8C%E5%85%A8%E6%8C%87%E5%8D%97%E4%BB%8E%E5%9F%BA%E7%A1%80%E5%88%B0%E8%BF%9B%E9%98%B6%E7%9A%84%E5%AE%9E%E6%88%98%E7%AD%96%E7%95%A5/</link><pubDate>Tue, 23 Dec 2025 09:00:00 +0800</pubDate><guid>/blog/articles/2025%E5%B9%B4seo%E4%BC%98%E5%8C%96%E5%AE%8C%E5%85%A8%E6%8C%87%E5%8D%97%E4%BB%8E%E5%9F%BA%E7%A1%80%E5%88%B0%E8%BF%9B%E9%98%B6%E7%9A%84%E5%AE%9E%E6%88%98%E7%AD%96%E7%95%A5/</guid><description>深入探讨2025年搜索引擎优化的核心策略，包括技术SEO、内容优化、用户体验提升以及最新的搜索算法变化，帮助网站获得更好的排名和流量。</description></item></channel></rss>