<?xml version="1.0" encoding="utf-8" standalone="yes"?><rss version="2.0" xmlns:atom="http://www.w3.org/2005/Atom" xmlns:content="http://purl.org/rss/1.0/modules/content/"><channel><title>数据库慢查询优化的方法论与实践：从索引到SQL重写的完整指南 on 技术博客 - 有条工具</title><link>/blog/articles/%E6%95%B0%E6%8D%AE%E5%BA%93%E6%85%A2%E6%9F%A5%E8%AF%A2%E4%BC%98%E5%8C%96%E7%9A%84%E6%96%B9%E6%B3%95%E8%AE%BA%E4%B8%8E%E5%AE%9E%E8%B7%B5%E4%BB%8E%E7%B4%A2%E5%BC%95%E5%88%B0sql%E9%87%8D%E5%86%99%E7%9A%84%E5%AE%8C%E6%95%B4%E6%8C%87%E5%8D%97/</link><description>Recent content in 数据库慢查询优化的方法论与实践：从索引到SQL重写的完整指南 on 技术博客 - 有条工具</description><generator>Hugo -- 0.147.7</generator><language>zh-cn</language><copyright>2024-2025 有条工具技术博客</copyright><lastBuildDate/><atom:link href="/blog/articles/%E6%95%B0%E6%8D%AE%E5%BA%93%E6%85%A2%E6%9F%A5%E8%AF%A2%E4%BC%98%E5%8C%96%E7%9A%84%E6%96%B9%E6%B3%95%E8%AE%BA%E4%B8%8E%E5%AE%9E%E8%B7%B5%E4%BB%8E%E7%B4%A2%E5%BC%95%E5%88%B0sql%E9%87%8D%E5%86%99%E7%9A%84%E5%AE%8C%E6%95%B4%E6%8C%87%E5%8D%97/feed.xml" rel="self" type="application/rss+xml"/></channel></rss>