<?xml version="1.0" encoding="utf-8" standalone="yes"?><rss version="2.0" xmlns:atom="http://www.w3.org/2005/Atom" xmlns:content="http://purl.org/rss/1.0/modules/content/"><channel><title>安全 on 技术博客 - 有条工具</title><link>/blog/categories/%E5%AE%89%E5%85%A8/</link><description>Recent content in 安全 on 技术博客 - 有条工具</description><generator>Hugo -- 0.147.7</generator><language>zh-cn</language><copyright>2024-2025 有条工具技术博客</copyright><lastBuildDate>Sun, 04 Jan 2026 18:00:00 +0800</lastBuildDate><atom:link href="/blog/categories/%E5%AE%89%E5%85%A8/feed.xml" rel="self" type="application/rss+xml"/><item><title>前端安全防护最佳实践：构建安全的Web应用</title><link>/blog/articles/%E5%89%8D%E7%AB%AF%E5%AE%89%E5%85%A8%E9%98%B2%E6%8A%A4%E6%9C%80%E4%BD%B3%E5%AE%9E%E8%B7%B5%E6%9E%84%E5%BB%BA%E5%AE%89%E5%85%A8%E7%9A%84web%E5%BA%94%E7%94%A8/</link><pubDate>Sun, 04 Jan 2026 18:00:00 +0800</pubDate><guid>/blog/articles/%E5%89%8D%E7%AB%AF%E5%AE%89%E5%85%A8%E9%98%B2%E6%8A%A4%E6%9C%80%E4%BD%B3%E5%AE%9E%E8%B7%B5%E6%9E%84%E5%BB%BA%E5%AE%89%E5%85%A8%E7%9A%84web%E5%BA%94%E7%94%A8/</guid><description>全面介绍前端安全防护策略，包括XSS、CSRF、CSP等安全威胁的防护措施，帮助构建更安全的Web应用</description></item><item><title>WebCrypto API实战：前端加密与安全通信完全指南</title><link>/blog/articles/webcrypto-api%E5%AE%9E%E6%88%98%E5%89%8D%E7%AB%AF%E5%8A%A0%E5%AF%86%E4%B8%8E%E5%AE%89%E5%85%A8%E9%80%9A%E4%BF%A1%E5%AE%8C%E5%85%A8%E6%8C%87%E5%8D%97/</link><pubDate>Sun, 04 Jan 2026 15:00:00 +0800</pubDate><guid>/blog/articles/webcrypto-api%E5%AE%9E%E6%88%98%E5%89%8D%E7%AB%AF%E5%8A%A0%E5%AF%86%E4%B8%8E%E5%AE%89%E5%85%A8%E9%80%9A%E4%BF%A1%E5%AE%8C%E5%85%A8%E6%8C%87%E5%8D%97/</guid><description>深入探讨WebCrypto API的使用方法，包括对称加密、非对称加密、哈希算法、数字签名等，构建安全的前端应用</description></item><item><title>零信任架构从理论到实践：构建永不信任、始终验证的安全体系</title><link>/blog/articles/%E9%9B%B6%E4%BF%A1%E4%BB%BB%E6%9E%B6%E6%9E%84%E4%BB%8E%E7%90%86%E8%AE%BA%E5%88%B0%E5%AE%9E%E8%B7%B5%E6%9E%84%E5%BB%BA%E6%B0%B8%E4%B8%8D%E4%BF%A1%E4%BB%BB%E5%A7%8B%E7%BB%88%E9%AA%8C%E8%AF%81%E7%9A%84%E5%AE%89%E5%85%A8%E4%BD%93%E7%B3%BB/</link><pubDate>Wed, 31 Dec 2025 12:00:00 +0800</pubDate><guid>/blog/articles/%E9%9B%B6%E4%BF%A1%E4%BB%BB%E6%9E%B6%E6%9E%84%E4%BB%8E%E7%90%86%E8%AE%BA%E5%88%B0%E5%AE%9E%E8%B7%B5%E6%9E%84%E5%BB%BA%E6%B0%B8%E4%B8%8D%E4%BF%A1%E4%BB%BB%E5%A7%8B%E7%BB%88%E9%AA%8C%E8%AF%81%E7%9A%84%E5%AE%89%E5%85%A8%E4%BD%93%E7%B3%BB/</guid><description>深入探讨零信任安全架构的核心原则、技术实现和部署策略，帮助组织构建适应现代威胁环境的安全体系。</description></item><item><title>网络安全与漏洞深度分析：从攻击到防御的完整指南</title><link>/blog/articles/%E7%BD%91%E7%BB%9C%E5%AE%89%E5%85%A8%E4%B8%8E%E6%BC%8F%E6%B4%9E%E6%B7%B1%E5%BA%A6%E5%88%86%E6%9E%90%E4%BB%8E%E6%94%BB%E5%87%BB%E5%88%B0%E9%98%B2%E5%BE%A1%E7%9A%84%E5%AE%8C%E6%95%B4%E6%8C%87%E5%8D%97/</link><pubDate>Tue, 30 Dec 2025 14:00:00 +0800</pubDate><guid>/blog/articles/%E7%BD%91%E7%BB%9C%E5%AE%89%E5%85%A8%E4%B8%8E%E6%BC%8F%E6%B4%9E%E6%B7%B1%E5%BA%A6%E5%88%86%E6%9E%90%E4%BB%8E%E6%94%BB%E5%87%BB%E5%88%B0%E9%98%B2%E5%BE%A1%E7%9A%84%E5%AE%8C%E6%95%B4%E6%8C%87%E5%8D%97/</guid><description>深入探讨网络安全领域的核心主题，涵盖OWASP Top 10、常见Web漏洞、渗透测试方法、安全编码实践等，帮助开发者和安全工程师构建更安全的系统。</description></item></channel></rss>