<?xml version="1.0" encoding="utf-8" standalone="yes"?><rss version="2.0" xmlns:atom="http://www.w3.org/2005/Atom" xmlns:content="http://purl.org/rss/1.0/modules/content/"><channel><title>数据库分库分表架构设计指南：从单表到百亿级数据的演进之路 on 技术博客 - 有条工具</title><link>/blog/articles/%E6%95%B0%E6%8D%AE%E5%BA%93%E5%88%86%E5%BA%93%E5%88%86%E8%A1%A8%E6%9E%B6%E6%9E%84%E8%AE%BE%E8%AE%A1%E6%8C%87%E5%8D%97%E4%BB%8E%E5%8D%95%E8%A1%A8%E5%88%B0%E7%99%BE%E4%BA%BF%E7%BA%A7%E6%95%B0%E6%8D%AE%E7%9A%84%E6%BC%94%E8%BF%9B%E4%B9%8B%E8%B7%AF/</link><description>Recent content in 数据库分库分表架构设计指南：从单表到百亿级数据的演进之路 on 技术博客 - 有条工具</description><generator>Hugo -- 0.147.7</generator><language>zh-cn</language><copyright>2024-2025 有条工具技术博客</copyright><lastBuildDate/><atom:link href="/blog/articles/%E6%95%B0%E6%8D%AE%E5%BA%93%E5%88%86%E5%BA%93%E5%88%86%E8%A1%A8%E6%9E%B6%E6%9E%84%E8%AE%BE%E8%AE%A1%E6%8C%87%E5%8D%97%E4%BB%8E%E5%8D%95%E8%A1%A8%E5%88%B0%E7%99%BE%E4%BA%BF%E7%BA%A7%E6%95%B0%E6%8D%AE%E7%9A%84%E6%BC%94%E8%BF%9B%E4%B9%8B%E8%B7%AF/feed.xml" rel="self" type="application/rss+xml"/></channel></rss>