<?xml version="1.0" encoding="utf-8" standalone="yes"?><rss version="2.0" xmlns:atom="http://www.w3.org/2005/Atom" xmlns:content="http://purl.org/rss/1.0/modules/content/"><channel><title>转化优化 on 技术博客 - 有条工具</title><link>/blog/categories/%E8%BD%AC%E5%8C%96%E4%BC%98%E5%8C%96/</link><description>Recent content in 转化优化 on 技术博客 - 有条工具</description><generator>Hugo -- 0.147.7</generator><language>zh-cn</language><copyright>2024-2025 有条工具技术博客</copyright><lastBuildDate>Tue, 23 Dec 2025 15:00:00 +0800</lastBuildDate><atom:link href="/blog/categories/%E8%BD%AC%E5%8C%96%E4%BC%98%E5%8C%96/feed.xml" rel="self" type="application/rss+xml"/><item><title>转化率优化（CRO）完全指南：科学方法提升网站转化</title><link>/blog/articles/%E8%BD%AC%E5%8C%96%E7%8E%87%E4%BC%98%E5%8C%96cro%E5%AE%8C%E5%85%A8%E6%8C%87%E5%8D%97%E7%A7%91%E5%AD%A6%E6%96%B9%E6%B3%95%E6%8F%90%E5%8D%87%E7%BD%91%E7%AB%99%E8%BD%AC%E5%8C%96/</link><pubDate>Tue, 23 Dec 2025 15:00:00 +0800</pubDate><guid>/blog/articles/%E8%BD%AC%E5%8C%96%E7%8E%87%E4%BC%98%E5%8C%96cro%E5%AE%8C%E5%85%A8%E6%8C%87%E5%8D%97%E7%A7%91%E5%AD%A6%E6%96%B9%E6%B3%95%E6%8F%90%E5%8D%87%E7%BD%91%E7%AB%99%E8%BD%AC%E5%8C%96/</guid><description>系统讲解转化率优化的方法论，从数据分析、用户体验优化、A/B测试到心理学应用，帮助你科学地提升网站转化率，降低获客成本。</description></item></channel></rss>